personid,treatment,ordertaker,type,quitjob,age,costofcommute,children,male,married,perform10,perform11,prior_experience,tenure,basewage,bonus,grosswage,ageyoungestchild,rental,bedroom,second_technical,high_school,tertiary_technical,university,internet,phonecalls0,phonecalls1
3906,1,FALSE,2,0,33,8,1,0,1,0.08457300812005997,0.3086203932762146,84,96,1883.3333740234375,713.4444580078125,2737.546630859375,10,0,1,0,1,0,0,1,0,0
4122,1,TRUE,1,0,30,18,0,0,0,4.4988258741796017e-4,0.7005594372749329,0,94,1700,2097.22216796875,4096.24560546875,0,0,0,0,1,0,0,1,21.335,21.797
4448,0,FALSE,2,0,35,10,1,0,1,0.4559096395969391,0.4886615574359894,0,92,1750,2153.333251953125,4269.29638671875,11,0,1,0,1,0,0,1,0,0
4942,1,FALSE,4,0,27,20,0,0,1,0.9185097813606262,-0.27536705136299133,0,82,1900,3043,5295.3955078125,0,0,1,1,0,0,0,1,0,0
5018,1,FALSE,4,0,29,15,1,0,1,-0.37744349241256714,-0.6063684225082397,0,82,2138.888916015625,464.3333435058594,1387.5899658203125,0,0,1,1,0,0,0,1,0,0
5614,1,FALSE,5,0,32,0,0,1,1,0.3699803054332733,0.4046419858932495,0,79,1700,1273.5555419921875,3826.0087890625,0,0,1,0,1,0,0,1,0,0
6278,0,TRUE,1,1,32,12,1,0,1,-0.040052831172943115,-0.09744056314229965,43,77,1700,861,2918.788818359375,5,0,1,0,0,1,0,1,11.701,8.729
6362,0,FALSE,4,0,29,12,1,0,1,0.6553189754486084,-0.6200625896453857,24,82,1850,2732.666748046875,4894.7080078125,3,0,1,1,0,0,0,1,0,0
6364,0,FALSE,4,0,26,12,1,0,1,1.4090423583984375,-0.17028234899044037,0,82,1900,3965.888916015625,6220.74560546875,2,0,1,1,0,0,0,1,0,0
7068,0,FALSE,4,0,28,0,0,0,1,0.27069875597953796,-0.9988539218902588,0,72,1950,1983.22216796875,4341.82421875,0,1,1,0,0,1,0,1,0,0
7076,0,FALSE,3,0,30,0,1,0,1,0.0015328284353017807,0.27479737997055054,24,72,2100,465.5555419921875,2664.14990234375,11,0,1,0,0,1,0,1,0,0
7488,1,FALSE,2,0,25,18,0,0,0,0.45098304748535156,1.2551696300506592,0,70,1800,1141.22216796875,3072.208984375,0,0,1,1,0,0,0,1,0,0
7720,0,TRUE,1,0,25,9,0,0,0,-0.6870976686477661,-0.45466840267181396,0,70,1750,821.4444580078125,3048.3876953125,0,0,1,0,0,1,0,1,10.587,9.549
8522,0,FALSE,2,0,30,6,1,0,1,0.23950015008449554,0.06838996708393097,36,66,1733.3333740234375,1993.3333740234375,4192.2421875,5,0,1,1,0,0,0,1,0,0
8834,0,TRUE,1,0,22,0,0,0,0,0.3206787407398224,0.8253183364868164,0,66,1750,1400.6666259765625,3642.716552734375,0,1,0,1,0,0,0,1,24.719,21.238
8854,1,TRUE,1,0,22,4,0,0,0,0.6507793068885803,0.9372251033782959,0,66,1700,2282.5556640625,4259.26123046875,0,1,1,1,0,0,0,1,25.527,24.094
8980,1,FALSE,2,0,25,10,0,0,0,-0.03176545351743698,-0.8631395101547241,0,65,1650,306.1111145019531,1973.42333984375,0,0,1,1,0,0,0,1,0,0
9710,0,FALSE,3,0,33,10,0,0,1,-0.7188639044761658,-0.08590862900018692,60,64,1783.3333740234375,1637.888916015625,3902.9267578125,0,0,1,0,1,0,0,1,0,0
10098,0,TRUE,1,1,28,12,1,0,1,0.07634852081537247,-0.8143044710159302,0,63,2350,1739.4444580078125,4315.20361328125,8,0,1,0,0,1,0,1,21.634,0.582
10226,1,FALSE,5,0,22,0,0,0,0,-0.25819915533065796,-0.20740295946598053,0,62,1650,784.111083984375,3334.322265625,0,1,0,1,0,0,0,1,0,0
10356,1,TRUE,1,0,27,0,0,1,0,0.24865630269050598,0.1551668494939804,6,62,1650,1256.6666259765625,3796.7177734375,0,1,1,0,0,1,0,1,24.479,17.85
10794,1,FALSE,2,0,32,5,1,0,1,1.0376454591751099,1.098544716835022,0,60,1750,2083.666748046875,4169.1943359375,7,0,1,0,1,0,0,1,0,0
10822,1,FALSE,2,0,26,4,0,0,1,0.60906583070755,1.2712616920471191,24,60,1600,1073,2996.27001953125,0,0,1,0,1,0,0,1,0,0
11348,0,FALSE,4,0,25,8,1,0,1,-0.845071017742157,-0.8867802023887634,6,59,1600,961.77777099609375,2752.517822265625,2,0,1,1,0,0,0,1,0,0
11390,0,FALSE,2,0,31,25,0,1,1,0.8765270709991455,0.5659154057502747,26,59,1700,2750.4443359375,4771.54541015625,0,0,1,0,1,0,0,1,0,0
11868,1,FALSE,4,0,30,10,0,1,0,0.15984594821929932,-0.4786342978477478,60,57,1650,918.33331298828125,2767.913330078125,0,0,1,0,0,1,0,1,0,0
12306,0,FALSE,2,0,24,14,0,1,0,-0.890312910079956,-0.9133241772651672,0,56,1650,1200,3494.9443359375,0,0,1,1,0,0,0,1,0,0
12426,0,TRUE,1,0,30,0,0,0,1,-0.6965734362602234,-3.0309364795684814,73,56,1650,880.888916015625,2813.44677734375,0,1,1,0,0,1,0,1,8.483,0
12896,0,FALSE,2,0,26,10,0,0,1,0.34794604778289795,0.2073865383863449,0,54,1700,2079.4443359375,4395.2890625,0,0,1,0,0,1,0,1,0,0
12974,1,TRUE,1,0,22,0,0,0,0,0.04648931697010994,0.3422815203666687,0,54,1650,1904.77783203125,3836.330078125,0,1,1,1,0,0,0,1,21.459,19.289
13530,1,FALSE,5,0,29,9.090909004211426,0,1,0,-0.21110899746418,-0.06355740129947662,24,53,1600,596.66668701171875,2997.88671875,0,0,1,1,0,0,0,1,0,0
13574,1,FALSE,2,1,30,10,1,1,1,1.474481225013733,2.1153669357299805,60,53,1700,2227.5556640625,4197.0546875,4,0,1,0,0,1,0,1,0,0
13710,0,FALSE,2,0,30,5,1,1,1,0.3425685465335846,0.03576274961233139,0,52,1650,1647,3862.49462890625,2,0,1,0,0,1,0,1,0,0
13980,0,TRUE,1,0,28,6,0,0,0,0.7973299026489258,0.7189696431159973,0,51,1650,2431,4468.0869140625,0,0,1,1,0,0,0,1,27.692,20.129
14048,1,TRUE,1,0,28,10,1,0,1,0.5949486494064331,0.2950434982776642,0,51,1650,1758.3333740234375,3699.521240234375,3,0,1,0,1,0,0,1,23.699,16.657
14220,0,TRUE,1,1,28,12,1,1,1,0.8597080111503601,0.6834978461265564,48,51,1633.3333740234375,984.4444580078125,2799.64111328125,1,0,1,1,0,0,0,1,27.992,8.891
14374,0,FALSE,2,0,28,10,0,0,0,-0.050977934151887894,-0.07639327645301819,0,50,1650,1562,3362.36328125,0,0,1,0,0,1,0,1,0,0
14382,0,FALSE,2,0,26,10,1,0,1,0.6623773574829102,0.9957969784736633,6,50,1666.6666259765625,3060.77783203125,5126.0634765625,4,1,1,0,0,1,0,1,0,0
14384,0,FALSE,2,0,32,8,0,0,0,0.03249377757310867,0.23839491605758667,36,50,1650,1664.5555419921875,3665.388916015625,0,0,1,0,0,0,1,1,0,0
14522,1,TRUE,1,0,29,0,0,1,0,-0.9680397510528564,-0.7794219851493835,24,50,1600,1025.5555419921875,3402.489013671875,0,0,1,1,0,0,0,1,14.343,10.125
14528,1,TRUE,1,0,28,25,1,0,1,0.24274955689907074,0.7525202631950378,24,50,1600,836.66668701171875,2662.619873046875,3,0,1,1,0,0,0,1,15.421,17.89
14532,1,FALSE,2,0,26,10,0,0,0,0.2511793375015259,0.5484128594398499,36,50,1650,906.77777099609375,2942.381103515625,0,0,1,0,1,0,0,1,0,0
14556,0,FALSE,2,0,26,10,1,0,1,1.0712498426437378,1.2178747653961182,10,50,1500,2250.111083984375,3796.16455078125,1,1,1,0,0,0,1,1,0,0
14678,1,FALSE,3,0,26,4,0,1,1,-1.0820868015289307,0.14346878230571747,0,50,1827.77783203125,1226,3797.353271484375,0,0,1,0,0,1,0,1,0,0
15294,1,FALSE,3,0,25,4,0,0,0,0.5713105201721191,1.0471158027648926,24,49,1633.3333740234375,1807.5555419921875,3715.94677734375,0,1,1,0,1,0,0,1,0,0
15444,0,TRUE,1,0,27,11.818181991577148,0,0,1,0.08846354484558105,-0.06383846700191498,0,49,1650,1208.6666259765625,3271.780029296875,0,1,1,0,0,1,0,1,14.609,10.58
16334,0,TRUE,1,1,30,25,1,1,1,0.9178395867347717,-0.2837410867214203,0,47,1633.3333740234375,1647,3429.502197265625,0,0,1,0,0,1,0,1,28.4,1.4849999999999999
16422,0,TRUE,1,1,29,10,1,0,1,-0.7116084098815918,-1.3205972909927368,40,47,1600,535.22222900390625,2239.627685546875,7,0,1,0,0,1,0,1,12,0.8119999999999999
16424,0,TRUE,1,0,22,6,0,0,0,0.05012347549200058,-0.5505085587501526,0,47,1600,1319.22216796875,3130.1767578125,0,0,1,1,0,0,0,1,21.084,12.407
16514,1,TRUE,1,0,28,4,0,1,0,-0.23630759119987488,0.12174732238054276,0,47,1550,677.5555419921875,2392.066650390625,0,0,1,0,1,0,0,1,18.464,14.761
16594,0,TRUE,1,0,29,20,1,0,1,0.7136149406433105,0.20029009878635406,96,47,1550,1862.3333740234375,3604.2978515625,1,0,1,0,0,0,1,1,20.441,6.8020000000000005
16596,1,TRUE,1,0,34,5,1,1,1,1.1186299324035645,0.6197544932365417,119,47,1650,2797.77783203125,4726.03466796875,3,0,1,0,0,0,1,1,27.084,18.361
17058,0,FALSE,2,1,23,8,0,0,0,-0.9042780995368958,-0.4501573145389557,0,46,1600,793.5555419921875,2623,0,0,1,1,0,0,0,1,0,0
17160,0,TRUE,1,0,27,10,1,1,1,0.4613947570323944,0.2783527672290802,24,46,1650,1313.77783203125,3390.243408203125,0,0,1,0,0,1,0,1,14.113,9.439
17172,0,FALSE,4,0,28,12,0,0,0,0.40110620856285095,-0.6893082857131958,48,46,1600,2711.22216796875,4641.93115234375,0,0,1,0,0,1,0,1,0,0
17722,1,FALSE,2,0,24,0,0,1,0,-1.0573406219482422,-1.2815165519714355,24,45,1650,2000.3333740234375,4195.18017578125,0,0,1,1,0,0,0,1,0,0
17752,1,FALSE,2,0,25,0,0,1,0,0.46281519532203674,0.37585675716400146,0,45,1650,1438,3548.96337890625,0,0,1,0,0,1,0,1,0,0
17812,0,FALSE,4,0,28,12,1,1,1,-0.19020593166351318,-0.4270409047603607,24,45,2566.666748046875,1670.888916015625,4705.16015625,2,0,1,0,1,0,0,1,0,0
17906,1,TRUE,1,0,27,14,0,0,1,-0.7814708948135376,0.19852066040039062,36,45,1600,646.77777099609375,2503.814453125,0,0,1,0,0,1,0,1,8.745000000000001,5.872
18112,1,FALSE,3,0,27,8,0,0,0,-0.06176748126745224,0.33099260926246643,24,44,1650,917.22222900390625,2786.255615234375,0,0,1,0,0,1,0,1,0,0
18494,0,FALSE,3,0,31,15,0,1,0,-0.5006781816482544,-0.42123132944107056,120,44,1600,1012.2222290039062,3212.925537109375,0,0,1,1,0,0,0,1,0,0
18502,0,FALSE,2,0,26,9,0,1,1,-0.7298473119735718,-0.2431650161743164,0,44,1600,199.44444274902344,2313.166748046875,0,0,1,1,0,0,0,1,0,0
19470,0,TRUE,1,0,25,0,0,0,0,0.01109828520566225,0.5048907995223999,0,42,1650,1512,3500.123291015625,0,1,1,0,0,1,0,1,21.737,19.112
19482,1,FALSE,4,0,23,12,0,1,0,-0.07180491834878922,-0.9616555571556091,0,42,1850,495.3333435058594,2713.332275390625,0,0,1,0,1,0,0,1,0,0
19684,0,FALSE,2,1,22,14,0,0,0,-0.35024675726890564,-0.6102638244628906,0,41,1600,891.22222900390625,2733.752197265625,0,1,1,0,0,1,0,1,0,0
21604,0,FALSE,2,0,24,16,0,0,0,-0.1473628282546997,0.07015802711248398,12,37,1600,1118.22216796875,3038.02783203125,0,0,1,0,1,0,0,1,0,0
21648,0,FALSE,4,0,26,3.5,1,1,1,-0.5780330300331116,-0.8759282231330872,24.88888931274414,37,1600,851.888916015625,2644.316650390625,2,0,1,0,0,0,1,1,0,0
21654,1,TRUE,1,0,29,2,0,0,0,0.6204665303230286,0.8309057354927063,72,37,1650,2156.333251953125,4101.4287109375,0,0,1,0,0,1,0,1,23.556,22.083000000000002
21710,1,FALSE,4,0,30,4,0,1,1,-0.46703141927719116,-0.7581718564033508,30,37,1600,754.22222900390625,2616.97998046875,0,0,1,0,0,1,0,1,0,0
22022,0,FALSE,4,0,22,4,0,0,0,0.6104998588562012,-0.7016890645027161,0,36,1755.5555419921875,1287.22216796875,3456.015625,0,0,1,1,0,0,0,1,0,0
22284,1,TRUE,1,0,21,0,1,0,1,0.6298297643661499,0.49510571360588074,0,36,1600,988.22222900390625,3478.663330078125,1,1,1,1,0,0,0,1,26.519,19.286
23126,0,FALSE,5,0,23,6,0,0,0,1.181747317314148,0.6260375380516052,0,35,1600,1737.5555419921875,4254.27978515625,0,0,1,0,0,1,0,1,0,0
23136,1,TRUE,1,0,22,3,0,1,0,0.12801115214824677,-0.20964299142360687,0,35,1600,656.66668701171875,3175.36328125,0,1,1,1,0,0,0,1,23.851,15.495
23228,1,TRUE,1,0,23,0,0,0,1,0.8753935098648071,1.0998178720474243,0,35,1616.6666259765625,1970.888916015625,3981.62548828125,0,1,1,0,0,1,0,1,18.727,17.67
23622,1,FALSE,2,0,25,10,0,1,0,1.3078856468200684,1.5508391857147217,0,35,1600,1995.3333740234375,4130.47216796875,0,0,1,0,0,1,0,1,0,0
23742,0,FALSE,4,0,21,8,0,1,0,-0.6303009986877441,-0.7607470154762268,0,35,1683.3333740234375,803.22222900390625,2544.88330078125,0,0,1,1,0,0,0,1,0,0
23772,1,TRUE,1,0,21,0,0,1,0,-0.4048437476158142,-0.05903463810682297,12,35,1600,1254.5555419921875,3629.191162109375,0,1,1,0,0,1,0,1,19.053,17.679
24142,1,FALSE,3,0,29,12,0,0,0,1.1921101808547974,1.3746165037155151,36,34,1600,2965.666748046875,4945.03466796875,0,0,1,1,0,0,0,1,0,0
24146,0,FALSE,4,0,24,12,0,1,0,-0.6667007207870483,-1.0818157196044922,3,34,1600,1222.5555419921875,3205.0078125,0,0,1,1,0,0,0,1,0,0
24324,1,TRUE,1,1,23,25,0,1,0,-0.27646011114120483,-1.2298134565353394,18,34,1600,591,2526.776611328125,0,0,1,0,0,1,0,1,20.39,6.495
24608,1,TRUE,1,0,34,3,1,0,1,-0.6225458383560181,-0.3596864342689514,120,34,1650,1399.22216796875,3828.9921875,13,0,1,1,0,0,0,1,14.849,13.082
25056,0,FALSE,2,0,23,2,0,0,0,-0.2744103968143463,-0.17747682332992554,0,33,1600,1049.77783203125,2868.90673828125,0,1,1,0,1,0,0,1,0,0
25258,0,FALSE,5,0,26,4,0,1,0,-0.13678674399852753,-0.20638765394687653,0,33,1638.888916015625,1071.5555419921875,3436.88232421875,0,0,1,1,0,0,0,1,0,0
25520,1,TRUE,1,0,24,6,0,1,0,-0.7656851410865784,-0.7592751383781433,10,32,1600,1271.4444580078125,3639.19677734375,0,0,1,1,0,0,0,1,15.563,12.007
25532,1,FALSE,5,0,25,12,0,1,0,-0.44592517614364624,-0.35810112953186035,0,32,1583.3333740234375,1099.5555419921875,3397.091064453125,0,0,1,1,0,0,0,1,0,0
25628,1,FALSE,2,0,24,10,0,0,0,0.7029303312301636,0.9883790612220764,0,32,1583.3333740234375,1157.3333740234375,3069.671142578125,0,1,1,1,0,0,0,1,0,0
25638,1,TRUE,1,0,26,10,0,0,0,0.0444566085934639,-0.14800061285495758,7,32,1600,940.888916015625,2795.324462890625,0,0,1,0,0,1,0,1,20.757,14.468
25700,1,FALSE,5,0,27,0,0,1,0,-0.7591874003410339,-0.7904365658760071,48,32,1638.888916015625,811.22222900390625,3188.65673828125,0,0,1,0,0,1,0,1,0,0
25864,0,TRUE,1,0,20,0,0,0,0,0.5322725176811218,0.812976598739624,0,31,1650,2199.5556640625,4334.87109375,0,1,1,0,0,1,0,1,18.271,16.844
25940,1,FALSE,4,0,24,10,0,0,1,0.5240535736083984,-0.7073028683662415,24,31,1755.5555419921875,1429.888916015625,3522.68896484375,0,0,1,1,0,0,0,1,0,0
25962,1,TRUE,1,0,24,4,1,1,1,-0.2395724058151245,-0.3379465341567993,20,31,1600,1294,3636.5478515625,1,1,1,0,0,1,0,1,20.816,14.891
26328,1,TRUE,1,0,22,0,0,1,0,-1.2317928075790405,-1.0658501386642456,6,31,1566.6666259765625,1209.888916015625,3629.965576171875,0,1,0,1,0,0,0,1,10.366,9.012
26618,1,FALSE,2,0,24,0,0,1,0,-0.7808128595352173,-1.0995302200317383,0,30,1600,1280.888916015625,3676.3388671875,0,1,1,1,0,0,0,1,0,0
26634,0,TRUE,1,1,26,2,0,0,0,0.41352495551109314,-0.06203709915280342,60,30,1600,864.888916015625,2804.93212890625,0,0,1,0,0,1,0,1,16.887,5.394
26906,0,FALSE,4,1,24,10,0,0,0,0.00940887164324522,-1.1609126329421997,15,30,1755.5555419921875,1194.888916015625,3297.586669921875,0,0,1,1,0,0,0,1,0,0
26934,1,TRUE,1,1,24,6,0,0,0,0.3413271903991699,0.7331283688545227,36,30,1600,1488,3424.630126953125,0,0,1,0,0,1,0,1,22.122,15.33
27704,0,TRUE,1,0,26,4,0,0,0,0.42826032638549805,0.25943702459335327,0,28,1500,909.33331298828125,2699.39111328125,0,1,1,0,0,1,0,1,24.216,16.764
28190,0,TRUE,1,0,25,10,0,0,0,0.08554956316947937,-0.3208199739456177,18,27,1550,565,2967.481201171875,0,0,1,1,0,0,0,1,23.567,14.982
28224,0,TRUE,1,0,27,0,1,1,1,0.1059352234005928,-0.06665947288274765,18,27,1550,672.5555419921875,3129.27001953125,1,1,1,0,1,0,0,1,23.332,16.979
28226,1,FALSE,4,0,23,15,0,1,0,-0.9718297719955444,-0.8668407797813416,15,27,1550,508.22222900390625,2341.68994140625,0,0,1,1,0,0,0,1,0,0
28470,1,FALSE,2,0,24,30,0,1,0,-0.5532929301261902,0.4569838345050812,0,27,1550,942,3068.0244140625,0,0,1,0,0,1,0,1,0,0
28484,0,TRUE,1,1,23,5,1,0,1,0.12908998131752014,0.10130973160266876,0,27,1450,565.888916015625,2099.010009765625,2,1,1,1,0,0,0,1,18.432,6.566
28492,1,FALSE,2,0,24,0,0,0,0,-0.923717737197876,-1.1500096321105957,0,27,1600,2212.5556640625,4226.693359375,0,1,1,0,0,1,0,1,0,0
28560,0,FALSE,4,1,20,10,0,0,0,0.1067524179816246,-1.3933355808258057,0,27,1683.3333740234375,1020.5555419921875,2999.708984375,0,0,1,0,0,1,0,1,0,0
29024,0,FALSE,4,1,26,10,0,1,0,-0.7358922958374023,-1.3392233848571777,36,26,1550,751.77777099609375,2590.263427734375,0,0,1,1,0,0,0,1,0,0
29032,1,FALSE,4,1,23,9,0,1,0,-0.389844685792923,-0.8117945194244385,31,26,1550,867,2695.275634765625,0,0,1,1,0,0,0,1,0,0
29172,0,TRUE,1,0,26,9,0,1,0,0.6349470019340515,0.512201189994812,72,26,1566.6666259765625,1074.111083984375,2896.333251953125,0,0,1,0,0,1,0,1,25.13,17.276
29216,1,FALSE,4,0,26,30,0,1,0,0.40302351117134094,-0.7402768135070801,36,26,1683.3333740234375,998.33331298828125,2973.506591796875,0,0,1,0,0,1,0,1,0,0
29230,1,TRUE,1,1,24,0,0,0,0,0.5496255159378052,-0.3719719648361206,0,26,1583.3333740234375,972.5555419921875,3485.458740234375,0,1,1,0,0,1,0,1,26.205,6.739
29248,0,FALSE,3,0,27,10,1,1,1,-0.8149526715278625,-0.86310875415802,36,26,1550,932.888916015625,2749.63232421875,1,0,1,1,0,0,0,1,0,0
29808,1,TRUE,1,1,25,2,1,1,1,-0.8698999285697937,-0.004245222080498934,16,25,1600,1242.5555419921875,3093.973388671875,1,1,1,0,0,1,0,1,11.554,9.447
29996,0,FALSE,4,0,23,5,0,1,1,-0.2665971517562866,-0.7092723250389099,24,25,1550,1118.4444580078125,3353.4833984375,0,0,1,1,0,0,0,1,0,0
30002,0,FALSE,4,1,26,12,0,1,0,-0.34666067361831665,-1.0501389503479004,66,25,1616.6666259765625,1471.3333740234375,3399.685546875,0,0,1,0,0,1,0,1,0,0
30006,1,FALSE,4,0,24,5,0,0,0,-0.22568051517009735,-0.8762212991714478,25,25,1550,1445.3333740234375,3288.848876953125,0,1,1,1,0,0,0,1,0,0
30014,1,TRUE,1,0,30,5,0,1,0,0.16178728640079498,0.006231669802218676,72,25,1550,1965.888916015625,4341.63671875,0,0,1,0,1,0,0,1,24.264,17.035
30308,1,FALSE,5,0,21,0,0,0,0,0.8232656717300415,0.5490555763244629,0,25,1583.3333740234375,1276.77783203125,3713.0810546875,0,1,0,0,0,1,0,1,0,0
30448,1,FALSE,5,1,23,30,0,1,0,-0.4529324471950531,-1.1711373329162598,0,25,1638.888916015625,1180.888916015625,3593.034423828125,0,1,1,0,0,1,0,1,0,0
30972,1,FALSE,4,0,27,8,0,1,0,-0.6790611743927002,-0.4012816250324249,12,24,1550,1075.77783203125,2846.7744140625,0,0,1,1,0,0,0,1,0,0
31136,0,TRUE,1,0,23,8,0,1,0,-0.10442953556776047,-0.44534173607826233,0,24,1550,851.77777099609375,2625.056640625,0,0,1,1,0,0,0,1,21.031,11.497
31150,0,TRUE,1,1,23,3,0,0,0,0.09572845697402954,-0.23899498581886292,0,24,1550,861.33331298828125,2573.622314453125,0,1,1,0,0,1,0,1,21.559,6.947
31230,1,FALSE,4,0,24,14,0,0,1,0.15558065474033356,-0.7667371034622192,0,24,1550,1158.111083984375,2939.37548828125,0,0,1,1,0,0,0,1,0,0
31292,1,TRUE,1,0,27,4,0,0,0,0.7668246030807495,1.1636602878570557,0,24,1600,1750.888916015625,3627.651123046875,0,0,1,0,0,1,0,1,25.653,20.525
31796,1,FALSE,4,0,24,4,0,0,1,0.8375025391578674,-0.578788697719574,24,24,1550,1996.3333740234375,3867.2734375,0,1,1,1,0,0,0,1,0,0
31888,0,TRUE,1,0,27,8,1,0,1,0.9744557738304138,0.7477033734321594,60,23,1550,1452.6666259765625,3249.638916015625,3,0,1,0,1,0,0,1,27.921,20
31936,1,TRUE,1,0,25,17.727272033691406,0,1,0,-0.2822687327861786,-0.16618837416172028,40,23,1550,620.888916015625,2403.451171875,0,0,1,0,1,0,0,1,18.752,12.891
32320,0,TRUE,1,0,22,4,0,0,0,0.33135655522346497,0.049568645656108856,0,23,1600,2272,4578.47314453125,0,1,1,0,1,0,0,1,24.603,12.208
32590,1,FALSE,4,0,28,8,0,1,0,-0.5998853445053101,-1.4734803438186646,36,23,1550,827.5555419921875,2673.24658203125,0,0,1,1,0,0,0,1,0,0
32804,0,TRUE,1,1,23,8,0,1,0,-0.22034740447998047,-0.45442789793014526,0,23,1533.3333740234375,661.4444580078125,2405.562255859375,0,0,1,0,0,1,0,1,20.624,2.578
33128,0,TRUE,1,0,21,10,0,1,0,-0.2512565851211548,-0.13933943212032318,0,22,1550,1461.111083984375,3738.5810546875,0,1,1,0,0,1,0,1,21.26,13.802
33278,0,TRUE,1,0,20,12,0,0,0,-0.3152424097061157,-0.14533153176307678,0,22,1450,594.22222900390625,2275.408935546875,0,0,1,1,0,0,0,1,18.868,15.354
33350,1,TRUE,1,0,26,10,0,1,0,-0.9045217037200928,-0.8018465042114258,18,22,1533.3333740234375,721.5555419921875,2891.017822265625,0,0,1,0,0,1,0,1,14.725,8.611
33354,0,TRUE,1,0,21,4,0,0,0,0.37143751978874207,0.08003515750169754,0,22,1450,1007.4444580078125,2702.928955078125,0,0,1,1,0,0,0,1,21.971,15.712
33366,0,FALSE,3,1,25,0,0,1,0,0.4046519994735718,-0.5822228789329529,24,22,1550,1149.888916015625,3233.376708984375,0,0,1,0,0,1,0,1,0,0
34890,0,TRUE,1,1,24,10,0,1,0,-0.5882043838500977,-0.5670304894447327,12,21,1500,523.111083984375,2244.566650390625,0,0,1,1,0,0,0,1,17.48,2.503
35006,0,TRUE,1,1,23,0,0,1,1,-0.07530013471841812,-0.3624560534954071,0,21,1500,724.4444580078125,2414.85009765625,0,0,1,0,0,1,0,1,21.26,5.209
35344,1,TRUE,1,0,22,5,0,0,0,0.43649643659591675,0.8148388862609863,18,20,1550,1028.111083984375,2872.736572265625,0,0,1,1,0,0,0,1,23.173000000000002,17.681
35408,0,FALSE,3,1,27,10,1,1,1,0.4941864013671875,0.03133426606655121,50,20,1550,1745.111083984375,3516.3388671875,1,1,1,0,0,1,0,1,0,0
35822,0,TRUE,1,1,27,6,0,1,0,-0.7184386849403381,-0.8842501640319824,48,20,1500,1364.77783203125,3590.563232421875,0,0,1,1,0,0,0,1,16.126,11.034
36032,1,TRUE,1,0,22,8,0,1,0,-0.05893892049789429,0.1350289136171341,12,19,1500,668.111083984375,2375.72900390625,0,0,1,1,0,0,0,1,20.681,15.467
36288,0,TRUE,1,0,25,0,0,1,0,0.41313937306404114,-0.1407826989889145,6,19,1500,1113.77783203125,2848.52001953125,0,0,1,0,0,1,0,1,22.335,13.267
36306,1,FALSE,2,0,26,6,0,1,0,-0.6215265989303589,-0.067680254578590393,0,19,1500,1088.6666259765625,3234.494384765625,0,0,1,0,0,1,0,0,0,0
36314,0,TRUE,1,0,23,4,0,1,0,0.5142829418182373,0.6280993223190308,0,19,1500,1032.22216796875,2728.07666015625,0,0,1,0,1,0,0,1,24.256,18.522
36494,1,TRUE,1,1,23,6,0,0,0,-0.7151605486869812,-0.5842362642288208,0,18,1500,498.5555419921875,2194.67333984375,0,0,1,0,0,1,0,1,16.12,2.4779999999999998
36908,1,TRUE,1,0,23,8,0,1,0,0.365685373544693,0.3933912515640259,0,15,1500,981.4444580078125,2742.8232421875,0,0,1,1,0,0,0,1,23.73,14.823
37276,0,TRUE,1,1,22,5,0,0,0,0.003661253023892641,-0.977698028087616,0,13,1500,1267.77783203125,3096.64892578125,0,0,1,0,0,1,0,1,21.861,3.2039999999999997
37292,0,TRUE,1,0,21,10,0,0,0,0.014250415377318859,-0.19934968650341034,0,13,1450,700.111083984375,2512.69775390625,0,1,1,0,1,0,0,1,22.258,15.786
37294,1,TRUE,1,0,20,0,0,0,0,-0.03769716992974281,0.4209621250629425,0,13,1450,512.22222900390625,2242.522216796875,0,0,1,1,0,0,0,1,20.366,19.367
37296,1,FALSE,3,1,29,3,0,1,0,-0.12011449784040451,-0.5861546993255615,0,13,1483.3333740234375,601.888916015625,2585.191162109375,0,1,1,0,0,0,1,1,0,0
37784,1,FALSE,3,0,19,2,0,0,0,0.37780115008354187,0.08423347771167755,0,12,1222.22216796875,1041.111083984375,2465.908935546875,0,0,1,1,0,0,0,1,0,0
37798,0,TRUE,1,0,21,0,0,1,0,-0.047367483377456665,-0.5879831314086914,1,12,1450,1806.77783203125,4099.7666015625,0,1,1,0,0,1,0,1,23.427,14.015
37804,1,FALSE,4,1,21,4,0,0,0,-0.023898713290691376,-1.1502748727798462,24,12,1450,735.111083984375,2499.760009765625,0,0,1,1,0,0,0,1,0,0
37812,0,FALSE,3,0,26,12,0,0,0,0.4097599685192108,-0.04509231075644493,30,12,1450,784.111083984375,2561.2578125,0,0,1,0,0,1,0,1,0,0
37828,0,FALSE,5,0,23,10,0,1,0,-0.37779152393341064,-0.49150359630584717,60,12,1538.888916015625,1219.888916015625,3457.88232421875,0,0,1,1,0,0,0,1,0,0
37840,1,FALSE,3,1,18,0,0,1,0,-0.20379853248596191,-0.3431406319141388,0,12,1222.22216796875,578.66668701171875,1987.4599609375,0,0,1,1,0,0,0,1,0,0
38018,1,FALSE,4,0,25,4,0,0,0,0.12782850861549377,-0.7938604950904846,36,78,1450,809.66668701171875,2471.142333984375,0,0,1,1,0,0,0,1,0,0
38022,1,FALSE,3,1,18,0,0,0,0,-0.06589323282241821,-0.6755132675170898,0,11,1222.22216796875,652.33331298828125,1992.8433837890625,0,0,1,1,0,0,0,1,0,0
38028,1,FALSE,3,0,21,2,0,1,0,1.2408034801483154,1.5901850461959839,0,11,1450,2253.22216796875,4081.461181640625,0,0,1,0,0,1,0,1,0,0
38036,0,FALSE,4,1,18,10,0,1,0,-0.7972139120101929,-1.5239298343658447,0,11,1222.22216796875,527,1927.6143798828125,0,0,1,1,0,0,0,1,0,0
38038,1,TRUE,1,0,35,0,1,1,1,-0.06268668919801712,-0.327547550201416,180,11,1450,1468.77783203125,3750.578857421875,10,0,1,0,0,1,0,1,22.629,14.11
38040,1,FALSE,3,0,22,8,0,0,1,0.15841934084892273,0.08625413477420807,30,11,1450,613.22222900390625,2419.506591796875,0,0,1,1,0,0,0,1,0,0
38042,1,FALSE,4,0,20,10,0,0,0,-0.4900640547275543,-0.9351016879081726,0,11,1222.22216796875,653.5555419921875,2156.597900390625,0,0,1,1,0,0,0,1,0,0
38046,0,FALSE,4,0,21,10,0,0,0,-0.379412978887558,-0.6886626482009888,3,11,1450,752.111083984375,2523.260986328125,0,0,1,1,0,0,0,1,0,0
38052,1,FALSE,3,1,18,10,0,0,0,0.0575653500854969,-0.1699974685907364,0,11,1222.22216796875,559.66668701171875,2071.159912109375,0,0,1,1,0,0,0,1,0,0
38070,1,FALSE,4,0,18,10,0,0,0,-0.1790713518857956,-0.8548626899719238,0,11,1222.22216796875,615.33331298828125,2128.283447265625,0,0,1,1,0,0,0,1,0,0
38074,0,FALSE,3,1,27,12,1,0,1,0.2080744504928589,-0.5241298079490662,60,11,1450,717.111083984375,2350.942138671875,3,0,1,1,0,0,0,1,0,0
38290,1,TRUE,1,0,21,6,0,0,0,-0.08763604611158371,0.3192651867866516,0,11,1450,642.77777099609375,2294.066650390625,0,1,1,0,0,1,0,1,20.067,15.001
38552,0,TRUE,1,1,23,4,0,1,0,-0.4631035029888153,-1.0232301950454712,30,10,1627.77783203125,1213.77783203125,3576.53662109375,0,0,1,1,0,0,0,1,20.574,5.7459999999999996
38566,1,TRUE,1,0,22,30,0,0,1,0.22880224883556366,0.6275450587272644,33,10,1450,873.888916015625,2617.905517578125,0,0,1,0,0,1,0,1,21.409,20.271
38580,1,TRUE,1,0,22,4,0,0,0,0.8202182650566101,0.8525897264480591,2,10,1450,1402.5555419921875,3173.704345703125,0,0,1,0,0,1,0,1,26.009,20.434
38712,1,TRUE,1,0,22,4,0,0,0,0.10436351597309113,0.33910608291625977,0,10,1450,743,2408.632080078125,0,1,1,1,0,0,0,1,20.734,15.432
38842,0,TRUE,1,1,19,10,0,1,0,-0.2144206166267395,-2.0569021701812744,0,10,1222.22216796875,651.77777099609375,2019.5177001953125,0,0,1,0,1,0,0,1,20.214,0.097
38862,0,TRUE,1,1,19,0,0,0,0,-0.2576768696308136,-0.5434930324554443,0,10,1222.22216796875,623,2009.252197265625,0,1,1,1,0,0,0,1,19.784,12.453
38878,1,TRUE,1,0,25,12,0,0,0,0.6349496245384216,0.8149601817131042,12,10,1450,1004.7777709960938,2752.169921875,0,0,1,0,0,1,0,1,24.059,18.615000000000002
38898,1,TRUE,1,0,22,0,0,0,0,0.12111639976501465,0.37097683548927307,0,10,1450,725.77777099609375,2329.441162109375,0,0,1,0,0,1,0,1,19.862,16.653
39096,1,TRUE,1,1,25,12,0,1,0,0.2333449125289917,0.006385707296431065,48,10,1450,677.33331298828125,2457.595458984375,0,0,1,1,0,0,0,1,24.017,17.161
39144,0,TRUE,1,0,18,4,0,0,0,0.2061443328857422,0.10961834341287613,0,10,1222.22216796875,846.66668701171875,2307.77099609375,0,0,1,1,0,0,0,1,22.42,15.505
39164,0,TRUE,1,0,19,8,0,1,0,-0.21772946417331696,-0.04619782790541649,0,10,1155.5555419921875,645.33331298828125,1957.4366455078125,0,0,1,1,0,0,0,1,19.901,15.423
39458,0,TRUE,1,0,21,10,0,1,0,-0.31212568283081055,-0.08231795579195023,0,9,1222.22216796875,596.5555419921875,2032.7144775390625,0,0,1,1,0,0,0,1,19.36,14.964
39466,0,TRUE,1,0,19,6,0,0,0,-0.15133191645145416,-0.21867729723453522,2,9,1450,669.111083984375,2377.768798828125,0,0,1,1,0,0,0,1,21.216,14.755
39478,0,TRUE,1,1,22,10,0,0,0,0.15249736607074738,-0.443833589553833,0,9,1450,823.4444580078125,2486.934326171875,0,0,1,0,1,0,0,1,22.534,2.82
39490,0,FALSE,3,0,23,10,0,1,0,0.590668797492981,0.35363149642944336,0,9,1450,1089,2858.0810546875,0,0,1,1,0,0,0,1,0,0
39502,0,FALSE,3,1,19,30,0,0,0,-0.3591732382774353,-0.9045712351799011,12,9,1450,492.5555419921875,2181.35986328125,0,0,1,1,0,0,0,1,0,0
39512,1,FALSE,3,0,19,10,0,0,0,0.25231990218162537,0.16850334405899048,0,9,1450,1096.22216796875,2781.982177734375,0,1,1,1,0,0,0,1,0,0
39530,1,FALSE,4,1,21,24,0,0,0,-0.12125171720981598,-1.3406260013580322,36,9,1450,1016.7777709960938,2732.236572265625,0,1,1,1,0,0,0,1,0,0
39548,1,FALSE,3,0,26,8,0,0,0,-0.09741824865341187,-0.003007924649864435,24,9,1450,510.77777099609375,2252.348876953125,0,0,1,0,0,1,0,1,0,0
39634,1,TRUE,1,0,20,0,0,0,0,1.5389206409454346,1.2662806510925293,0,9,1450,1600.6666259765625,3351.62548828125,0,1,1,0,1,0,0,1,27.939,19.645
39748,0,FALSE,3,0,22,0,1,0,1,0.41374972462654114,0.2287636250257492,6,9,1450,854.66668701171875,2555.87451171875,2,0,1,1,0,0,0,1,0,0
39942,1,TRUE,1,1,28,55,1,1,1,-0.6412396430969238,0.07294614613056183,36,9,1433.3333740234375,610.111083984375,2207.61328125,4,0,1,0,0,1,0,1,16.352,12.252
39990,1,TRUE,1,0,24,5,0,1,0,-0.2920782268047333,-0.3789181113243103,36,9,1433.3333740234375,420.6666564941406,2614.643310546875,0,0,1,1,0,0,0,1,19.748,13.923
40008,0,TRUE,1,1,20,10,0,1,0,0.738152027130127,-0.0800318792462349,7,9,1450,911,2668.005615234375,0,0,1,1,0,0,0,1,28.177,12.506
40034,0,TRUE,1,1,19,10,0,0,0,0.09252572059631348,-0.2469087541103363,12,9,1450,687.888916015625,2461.830078125,0,1,1,1,0,0,0,1,22.101,5.734
40062,1,TRUE,1,1,23,12,0,0,1,0.24164101481437683,-0.15206317603588104,24,9,1433.3333740234375,528.5555419921875,2249.67431640625,0,0,1,1,0,0,0,1,23.893,4.896
40076,0,FALSE,3,1,24,10,0,1,0,-0.34249764680862427,-1.5178951025009155,60,9,1450,561.33331298828125,2068.122314453125,0,0,1,1,0,0,0,1,0,0
40162,0,TRUE,1,0,21,6,0,0,0,0.14284534752368927,-0.07942254841327667,3,8,1450,811.111083984375,2502.530029296875,0,1,1,0,0,1,0,1,22.656,13.327
40164,1,FALSE,2,0,22,10,0,0,0,0.5695837736129761,-0.22326810657978058,6,8,1433.3333740234375,1276.5555419921875,2739.10009765625,0,0,1,0,1,0,0,1,0,0
40174,0,TRUE,1,1,28,2,1,1,1,0.071697331964969635,-1.2408432960510254,0,8,1450,740.22222900390625,2406.582275390625,1,0,1,0,0,1,0,1,22.052,1.916
40192,1,TRUE,1,0,23,12,0,1,0,0.2456163614988327,0.2479427009820938,0,8,1450,779.66668701171875,2411.781005859375,0,0,1,0,1,0,0,1,22.580000000000002,14.751
40316,1,TRUE,1,0,25,4,0,0,0,0.22923807799816132,0.4237763285636902,30,8,1450,808.66668701171875,2529.336669921875,0,1,1,0,1,0,0,1,21.184,16.178
40320,1,FALSE,2,0,25,5,1,0,1,-1.142095685005188,-1.1744028329849243,24,8,1433.3333740234375,1514.111083984375,3141.965576171875,3,0,1,0,0,1,0,1,0,0
40322,1,TRUE,1,0,24,2,0,0,0,0.14893953502178192,0.014594058506190777,24,8,1450,776.4444580078125,2423.015625,0,0,1,0,1,0,0,1,20.304,15.012
40328,1,TRUE,1,0,22,5,0,1,0,0.9487728476524353,0.09813746064901352,31,8,1450,1085.111083984375,2808.554443359375,0,0,1,0,1,0,0,1,26.623,15.088000000000001
40334,0,FALSE,2,1,23,20,0,0,0,0.2764666974544525,0.662002682685852,0,8,1433.3333740234375,1320.888916015625,3026.836669921875,0,0,1,1,0,0,0,1,0,0
40336,0,TRUE,1,0,25,6,0,1,0,-0.5590729117393494,-0.828826904296875,0,8,1433.3333740234375,484.8888854980469,1821.6888427734375,0,0,1,0,0,1,0,1,13.969,6.921
40346,0,TRUE,1,1,22,4.545454502105713,0,0,0,-0.37161943316459656,-1.4132386445999146,24,8,1433.3333740234375,624.4444580078125,2301.397705078125,0,0,1,1,0,0,0,1,17.748,2.602
40444,1,FALSE,5,0,34,4,1,1,1,0.66815185546875,0.6990551948547363,108,8,1522.22216796875,2225.22216796875,4579.09228515625,6,0,1,0,1,0,0,1,0,0
40456,0,TRUE,1,0,23,12,0,1,0,0.2679971158504486,0.15323302149772644,20,8,1433.3333740234375,599.33331298828125,2968.2412109375,0,1,1,0,0,1,0,1,24.967,18.21
40472,1,TRUE,1,0,25,4,0,0,0,0.4824496805667877,0.7050381302833557,12,8,1450,983.66668701171875,2799.739990234375,0,1,1,1,0,0,0,1,24.817,21.244
40490,1,TRUE,1,0,21,10,0,1,0,-0.09463610500097275,-0.12293222546577454,5,8,1450,452.1111145019531,2299.736572265625,0,0,1,0,1,0,0,1,20.201,15.268
41286,1,TRUE,1,0,23,10,0,1,0,-0.02529658004641533,-0.24038805067539215,12,6,1466.6666259765625,508.5555419921875,2232.054443359375,0,0,1,0,0,1,0,1,20.77,12.475
41318,1,FALSE,2,0,22,10,0,0,0,-1.2596043348312378,-0.013943321071565151,0,6,1466.6666259765625,746.4444580078125,2894.498779296875,0,0,1,1,0,0,0,1,0,0
41320,1,TRUE,1,1,22,10,0,1,0,-0.3190646469593048,-0.5338056087493896,36,6,1411.111083984375,433.3333435058594,2035.727783203125,0,0,1,1,0,0,0,1,18.64,1.303
41332,0,TRUE,1,1,22,6,0,1,0,-0.3921193480491638,-1.6269415616989136,36,6,1422.22216796875,507.6666564941406,2218.474365234375,0,0,1,1,0,0,0,1,18.697,1.434
41818,1,FALSE,2,0,23,0,0,0,0,-0.12134120613336563,-0.36633163690567017,0,6,1422.22216796875,194.77777099609375,1567.638916015625,0,1,1,0,0,1,0,1,0,0
42096,0,TRUE,1,1,23,8,0,1,0,-0.3662492334842682,-1.2711697816848755,0,5,1411.111083984375,405.8888854980469,1933.832275390625,0,0,1,0,1,0,0,1,18.051,0.123
42104,1,TRUE,1,1,21,0,0,0,0,-0.33475247025489807,-0.48672494292259216,0,5,1411.111083984375,481.5555419921875,2036.8734130859375,0,1,1,0,1,0,0,1,18.151,4.907
42108,1,TRUE,1,0,23,12,0,1,0,0.3354152739048004,0.4332936108112335,20,5,1411.111083984375,620.66668701171875,2180.9990234375,0,0,1,1,0,0,0,1,21.991,16.441
42140,0,FALSE,2,0,25,15,1,1,1,-0.07073494046926498,1.0102578401565552,36,5,1466.6666259765625,632.77777099609375,2099.151123046875,0,0,1,1,0,0,0,1,0,0
42146,0,FALSE,2,0,21,4,0,1,0,-0.04130923002958298,0.0428830049932003,0,5,1411.111083984375,1008.888916015625,2605.566650390625,0,0,1,1,0,0,0,1,0,0
42152,0,TRUE,1,0,25,20,0,1,0,0.17874915897846222,0.10926607996225357,48,5,1411.111083984375,624.4444580078125,2279.654541015625,0,0,1,1,0,0,0,1,21.998,15.047
42308,1,TRUE,1,0,23,12,0,0,1,-0.11561138927936554,-0.8573249578475952,0,5,1411.111083984375,512.4444580078125,2177.7734375,0,0,1,0,0,1,0,1,18.747,2.686
42592,1,TRUE,1,0,23,8,0,0,0,0.04201851412653923,-0.2093333601951599,36,4,1466.6666259765625,476.8888854980469,2166.0966796875,0,0,1,1,0,0,0,1,19.418,14.111
42618,1,TRUE,1,1,22,2,0,1,0,-0.957539439201355,-1.2092266082763672,0,4,1466.6666259765625,496.77777099609375,2499.166748046875,0,0,1,0,0,1,0,1,13.275,1.4140000000000001
42624,1,TRUE,1,0,23,10,0,0,0,0.32374703884124756,0.7044251561164856,24,4,1466.6666259765625,543,2116.958984375,0,0,1,0,1,0,0,1,20.849,16.741
42628,1,TRUE,1,0,22,10,0,1,0,-0.3795528709888458,-0.04188813641667366,24,4,1466.6666259765625,681.22222900390625,2669.81787109375,0,0,1,1,0,0,0,1,17.589,15.874
42632,0,TRUE,1,0,21,12,0,0,0,0.12251674383878708,-0.1996496170759201,0,4,1466.6666259765625,493.1111145019531,2136.52783203125,0,0,1,0,1,0,0,1,19.829,12.916
42634,0,TRUE,1,1,20,0,0,1,0,-1.0077968835830688,-0.8313920497894287,0,4,1466.6666259765625,440.6666564941406,2389.04443359375,0,1,1,0,0,1,0,1,12.737,10.051
42682,0,TRUE,1,1,22,16,0,0,1,0.38023218512535095,-1.7297440767288208,0,4,1466.6666259765625,613.77777099609375,2216.56787109375,0,0,1,0,1,0,0,1,21.538999999999998,0
43258,0,TRUE,1,0,22,8,0,1,0,-0.8111793994903564,-0.6539686918258667,12,3,1457.142822265625,483.8571472167969,2534.300048828125,0,0,1,1,0,0,0,1,12.516,12.952
43264,1,TRUE,1,0,22,12,0,1,0,-1.1921372413635254,-0.7362107634544373,0,3,1300,377.1428527832031,2183.431396484375,0,0,1,0,0,1,0,1,9.681,11.776
43270,1,FALSE,2,0,25,16,0,0,0,-0.986463725566864,-1.0629348754882812,60,3,1457.142822265625,1003.4285888671875,2600.718505859375,0,0,1,0,1,0,0,1,0,0
43278,1,FALSE,2,0,23,10,0,0,0,-0.3989112973213196,-0.10568638890981674,12,3,1457.142822265625,238,1896.4971923828125,0,0,1,0,0,1,0,1,0,0
43286,1,FALSE,2,0,20,5,0,0,0,-0.06607531756162643,-0.0786629319190979,0,3,1457.142822265625,544.71429443359375,2340.4599609375,0,0,1,1,0,0,0,1,0,0
43288,1,TRUE,1,1,21,6,0,1,0,-1.0929020643234253,-1.4649702310562134,18,3,1471.4285888671875,308.5714416503906,2306.108642578125,0,1,1,1,0,0,0,1,10.126,2.508
43500,0,FALSE,2,0,27,10,1,0,1,0.27930355072021484,1.2993494272232056,60,3,1457.142822265625,924.14288330078125,2696.022705078125,3,0,1,0,0,1,0,1,0,0
43524,0,TRUE,1,1,24,10,0,1,0,-0.9642803072929382,-0.959184467792511,30,3,1457.142822265625,405.4285583496094,2344.969970703125,0,0,1,1,0,0,0,1,10.251,3.569
43534,1,TRUE,1,0,23,10,0,1,0,-0.6394618153572083,-0.1852738857269287,0,3,1457.142822265625,436.1428527832031,2338.0986328125,0,0,1,0,0,1,0,1,11.666,14.454
43570,0,TRUE,1,0,18,12,0,1,0,-0.8791103959083557,-0.9386170506477356,7,3.5,1400,316.5,2426.42333984375,0,0,1,1,0,0,0,1,12.262,11.896
43926,1,TRUE,1,0,22,0,0,1,0,-0.6409057974815369,-0.6384706497192383,24,3,1500,680.5999755859375,2893.117919921875,0,0,1,1,0,0,0,1,11.454,12.542
44256,0,FALSE,2,1,21,0,0,0,0,-0.7687597274780273,-0.8029286861419678,0,2.5,1500,335.6666564941406,1863.913330078125,0,0,1,1,0,0,0,1,0,6.088
44266,1,TRUE,1,0,19,17,0,1,0,-1.1966077089309692,-0.7825882434844971,0,2.5,1500,266.6666564941406,2146.264892578125,0,0,1,1,0,0,0,1,8.661,10.631
44282,0,TRUE,1,0,20,12,0,0,0,-0.3178604543209076,-0.3018224835395813,0,2.5,1500,294.5,1900.8916015625,0,0,1,1,0,0,0,1,12.348,13.213
44408,1,TRUE,1,0,22,10,0,0,0,-0.33302879333496094,0.3779310882091522,40,2.5,1500,138.5,1643.1300048828125,0,0,1,1,0,0,0,1,11.786,17.3
44782,1,TRUE,1,0,23,0,0,1,0,-0.1317722350358963,0.033910565078258514,48,2,1500,621.79998779296875,2788.10986328125,0,0,1,1,0,0,0,1,11.943,15.912
44784,1,TRUE,1,0,31,0,0,1,0,-0.7438176274299622,-0.5403309464454651,6,2,1500,320,2499.68994140625,0,0,1,0,0,1,0,1,8.755,12.475
44794,0,TRUE,1,1,23,10,0,1,0,-1.0718767642974854,-1.8671106100082397,24,3,1500,191.3333282470703,2493.17333984375,0,0,1,1,0,0,0,1,8.057,0.539
44800,0,TRUE,1,0,25,12,0,1,0,-0.36135008931159973,-0.5427775979042053,5,2,1500,587.5999755859375,2742.2900390625,0,0,1,0,0,1,0,1,11.345,12.975
45238,1,FALSE,2,0,22,4,0,1,0,-0.04417213797569275,0.680168628692627,0,2,1500,123.19999694824219,1678.5460205078125,0,1,1,1,0,0,0,1,0,0
45254,0,TRUE,1,0,23,4,0,1,0,-1.1018978357315063,-1.1610110998153687,24,2,1500,164.60000610351562,1908.323974609375,0,0,1,0,0,1,0,1,7.467,9.589
45442,0,TRUE,1,0,22,0,0,1,0,-0.9931347966194153,-1.020809292793274,36,2.5,1500,270.25,2478.8701171875,0,0,1,1,0,0,0,1,7.527,10.459
