Iteration ID,CO2_Gap_Difference
1,4.711491213367517
2,4.456561388209194
3,6.125837166240586
4,7.552223556669722
5,5.260029883628337
6,6.5112148401614345
7,5.689810950765328
8,5.3207375827068475
9,5.612469002684274
10,5.055360530787495
11,5.9753329225253
12,5.779977775644699
13,5.778868002416198
14,6.315837279326233
15,5.311122958531451
16,5.895032888630458
17,4.519475368348352
18,6.276761755660888
19,5.113296640313052
20,5.964800002406799
21,6.453153005463962
22,5.186012612826104
23,6.590446540893526
24,5.333988402347149
25,3.8705807537764505
26,6.709005801831763
27,5.078721665551934
28,5.46377190912487
29,6.884445582410892
30,5.185635402862186
31,6.471034120905737
32,5.627629651113134
33,5.680214339670685
34,5.202189332144411
35,5.523298207811368
36,6.289437059979697
37,6.358774570319255
38,5.384799549265022
39,5.2352024447217165
40,5.611618471872623
41,5.933801295399834
42,5.5481097953118015
43,4.523800139120765
44,6.296476952259365
45,4.835253344167604
46,5.591050373918218
47,7.01327522900395
48,6.474785044391584
49,4.569335711210399
50,5.156710933644815
51,5.518684780052189
52,6.152401934335766
53,4.811673039497224
54,5.064859632836347
55,5.443554425598737
56,6.468603978056316
57,5.689403163243145
58,5.952292115890043
59,5.788311288861451
60,6.677309864263933
61,5.607776151082225
62,5.92464345565677
63,5.7492378806967475
64,4.947318547579075
65,5.75658356217202
66,6.013652820235155
67,5.396348725313377
68,5.263911134039216
69,4.7799251321078495
70,5.826529117753926
71,6.773012494416603
72,6.814173545905384
73,6.115324736658565
74,4.89074943617225
75,4.88206944349571
76,6.174116633205745
77,6.660960349746216
78,6.267308487344181
79,4.757011686431791
80,7.10169287700457
81,5.798898189160426
82,5.904163084719693
83,6.003259982684151
84,4.363367857738391
85,6.2548768227998695
86,4.938501827547614
87,4.6618877011646305
88,4.521509204723544
89,4.501880750303156
90,4.888279060550938
91,4.992889649662096
92,5.377546823989463
93,6.287742944078388
94,7.726070534482964
95,4.520885061505389
96,5.3950849063961615
97,4.591125507338018
98,4.147075504038942
99,7.749046526378997
100,6.088826965222714
101,5.002927485600235
102,4.660982824204158
103,6.082693222155893
104,6.773548285914442
105,5.597518167274958
106,5.837386522418521
107,5.094994713364862
108,4.254967358678254
109,5.091630015908472
110,5.891933027929653
111,5.595410470508934
112,5.751342975714787
113,5.865293571244143
114,4.195080263209795
115,5.277645074797636
116,5.1689599902931915
117,4.569093719786416
118,6.29847324173964
119,6.004681748434346
120,5.736209865804746
121,6.626245965904339
122,5.262827575878124
123,5.879403963485764
124,3.7854492495838823
125,4.895018410784
126,5.094823643862358
127,5.032765580567554
128,4.671127386429147
129,5.979872321038593
130,5.057126269108066
131,4.163270742114452
132,5.19924898264821
133,5.251155133673844
134,4.745016599376469
135,5.336013188162713
136,6.43760598498112
137,4.519831793161103
138,6.513452990969464
139,6.441065845232336
140,5.371668439659227
141,5.912007363244927
142,5.830344661716916
143,6.815053271961451
144,5.7909803048013915
145,6.84784683201615
146,6.930756640307971
147,6.310413173627298
148,5.504271120185475
149,6.00725037586552
150,5.1115283552789625
151,5.32415436485455
152,6.5465363988889465
153,5.767673364585684
154,4.404848249310757
155,4.443877948185623
156,5.0302704318446505
157,5.771484139877156
158,5.875635846945127
159,5.170113620436785
160,5.114103079206529
161,6.140947462744613
162,6.499886789462583
163,5.9334860956416495
164,4.8816141648375
165,4.826308122250435
166,5.550853292815568
167,4.915584716660551
168,4.972637477827696
169,5.782238703341409
170,4.2306349882143985
171,6.285459768027832
172,6.182991704218788
173,5.37815326457078
174,6.278006395733102
175,7.131712502950696
176,4.979005983589892
177,6.309725018042738
178,6.056801327146413
179,4.6802573117654855
180,5.79520196960666
181,7.062184221578065
182,5.057025036740178
183,6.085024545077146
184,6.269513427848128
185,5.254103941810586
186,6.627170726601734
187,6.666858308456231
188,6.001293896941147
189,4.805180348438121
190,5.423053166323311
191,5.586543586384975
192,5.859479784140551
193,5.131365414150799
194,5.531868822056476
195,6.095641165090734
196,5.660553682713242
197,5.639707598357066
198,5.33148272431721
199,7.001799207098182
200,5.972349693683671
201,4.749161913491824
202,4.50431134884922
203,5.960858157946256
204,7.009874215951006
205,4.495689300682535
206,5.847088048122772
207,5.722284490332606
208,4.690398839616274
209,4.639907281586207
210,5.923346263936196
211,5.584288915585417
212,5.356416381590142
213,5.241268865986127
214,5.503636707383374
215,7.025279342134189
216,5.104952183927095
217,4.55873744087612
218,6.051769168799753
219,6.515250502926734
220,5.77685594294821
221,5.533793751429829
222,5.464861337030095
223,5.259965363142992
224,6.687859950691829
225,5.342853584731181
226,4.833303299276782
227,6.029655776002612
228,5.853210674305511
229,5.4084945864948
230,6.396882494102566
231,4.30902075315846
232,5.069249131074669
233,5.806615265194966
234,4.835177285435764
235,5.5786951056296346
236,4.368562704333222
237,5.954032975441926
238,5.339117413238284
239,4.6943122278248115
240,5.911717689127776
241,5.930349453758719
242,5.334482708212481
243,6.7375093065944505
244,5.7600861288114835
245,5.908377579728161
246,5.404371312286081
247,6.259569908858036
248,4.61177130346234
249,5.659408637810664
250,4.508596054297813
251,5.013297075104598
252,6.333729505140982
253,6.413796453706673
254,4.573155380452754
255,5.690497241487837
256,5.442956200982335
257,5.981271891181317
258,5.210475655707789
259,4.718692243933668
260,6.506939875122276
261,5.698532125025988
262,4.677805155335473
263,5.873936614344387
264,6.191065622294467
265,5.588875778676778
266,4.7942426695288765
267,6.270893524277683
268,5.031678801356238
269,6.820371825856693
270,5.129184571105409
271,5.346436934208546
272,6.225292140426024
273,6.355022927881292
274,6.471303737541907
275,5.559790104600021
276,5.445546819128422
277,4.906527764211718
278,6.244808465546212
279,6.670460935426377
280,5.128195583770726
281,4.637263891380026
282,5.097113719397159
283,6.176277707263625
284,5.004654585119728
285,6.51987752756794
286,6.548645450804154
287,4.722739740082516
288,6.748371320461396
289,4.449214753435545
290,4.193992596535371
291,3.957408972992021
292,5.009219035867472
293,5.118705412696744
294,5.100807949347548
295,5.849342947314772
296,4.538642882215944
297,6.009016162420983
298,6.677126154288582
299,6.240171736278195
300,5.396910544221061
301,6.921155549180392
302,5.689560342187278
303,5.137494662419911
304,5.614125659793651
305,4.943373100846389
306,4.9714375282817596
307,6.052929756836597
308,5.7188818101037375
309,5.634278254491035
310,5.727574776255734
311,4.841864168554656
312,4.981062168162795
313,5.658299478018439
314,5.933619313182279
315,5.6543744986338345
316,5.283662377829348
317,6.62439703530959
318,5.647587609147095
319,5.741893106317205
320,5.446059028737617
321,5.714797442627252
322,5.677999284876097
323,5.318822679354785
324,6.8496961548457875
325,6.2934565239507325
326,6.62220815696575
327,5.220550686471168
328,5.301163788137516
329,6.294537061854194
330,5.422644204653124
331,5.168906650600357
332,6.191632419096821
333,6.787134997151314
334,6.047850815761391
335,4.734512679170221
336,5.515615425495788
337,5.688559419847548
338,5.956863192118604
339,4.666075787104322
340,5.483503808954743
341,5.259594400848781
342,5.544941168566474
343,4.913447028556083
344,5.890540006477729
345,4.786974921451697
346,4.983141348253618
347,4.938017245406347
348,5.284384295049228
349,5.870940234831429
350,5.733980436193949
351,5.868467297826107
352,4.973167606075032
353,4.8544852941216465
354,5.391111165733795
355,5.0499797933884265
356,5.660819929442903
357,5.227577722371374
358,6.144860480920205
359,6.865991068323492
360,6.435984564300509
361,5.083916021720311
362,6.04629792188602
363,4.912803228405348
364,6.103913936563089
365,5.52093997774635
366,5.0212502783928255
367,6.560128482982334
368,6.028563267769153
369,6.540380609850461
370,6.2412354122586
371,6.167355775911835
372,5.761734823739481
373,5.271779289683644
374,6.305326783699461
375,5.579535325279353
376,6.137801234930393
377,5.820680040317916
378,4.672325499954366
379,4.778820519668927
380,6.0304684128660355
381,5.092459010977284
382,5.626334054754295
383,4.8442521002085455
384,5.686983384908624
385,6.0563878422357025
386,5.317857502628041
387,5.417774737839803
388,6.254126739765282
389,5.904671377888148
390,6.483133869770304
391,4.363281991752335
392,4.546260659781575
393,4.750347137228881
394,5.931022188034564
395,5.105402262607005
396,6.364822122306853
397,4.392839132339386
398,5.722002906702722
399,4.822584911763838
400,4.86454594417918
401,5.944987333553377
402,6.7420745159588105
403,5.870880870361491
404,5.582541460612213
405,3.993550969369715
406,4.847162935813687
407,4.690445533954837
408,4.033542162313058
409,5.720086119484725
410,6.13646582634364
411,4.937376635592375
412,6.095749189159999
413,5.373703809972886
414,5.2235279031202335
415,6.6522315761866215
416,5.41169245723639
417,5.496464497017292
418,6.227324220703918
419,5.976714585983584
420,7.314976631449352
421,5.189275612538323
422,4.639086595309665
423,6.904715924530919
424,4.928198284585419
425,4.729123708601659
426,5.57011177679796
427,5.27671336638365
428,5.721579355177325
429,7.303968801872513
430,6.155131253211484
431,5.508537146351282
432,4.990786711609972
433,6.8064345619147915
434,6.3263640190130435
435,5.477421792921685
436,5.5241364682988
437,4.687194250042976
438,6.178171244031118
439,5.649865023404205
440,5.473108003800779
441,5.836506032101127
442,5.970570930092718
443,5.32476830540341
444,5.264075122370753
445,5.457925859416583
446,6.22483628479216
447,5.169765051298995
448,4.638158933867554
449,5.924304162104816
450,5.303823663701617
451,5.40216178305468
452,5.128463390192875
453,4.737601362346021
454,4.963067989761354
455,6.107506996698018
456,5.284401400354096
457,6.9989492002049625
458,6.090356004163694
459,5.07151618247608
460,5.727364694854081
461,5.2659892299635285
462,6.512628282147228
463,4.8033640930615995
464,5.209812847636718
465,4.6164001696359005
466,5.329939337142478
467,5.029079840690164
468,6.547000876459136
469,4.787398984343642
470,5.2393570986657805
471,5.980490151318334
472,7.864688640540402
473,5.624767648507342
474,5.817619858616546
475,5.423158401630123
476,6.148840832451178
477,4.75719703346837
478,5.528326035215699
479,5.101726320396662
480,7.207333137954971
481,5.1788109432225635
482,5.863652274073372
483,5.2546197554901335
484,3.8950495669859855
485,7.033995785185545
486,6.071816293892164
487,5.265218143584265
488,5.364220465325711
489,6.286186714376114
490,6.660590371627082
491,5.3505663135819805
492,6.72909169700513
493,5.138850313865845
494,6.25820226744616
495,4.6651639300462335
496,6.6095929682649315
497,5.52436695424269
498,5.06712492100466
499,4.890803179151317
500,5.180236507062564
501,5.760235300943028
502,4.7565834303434995
503,4.571653919029565
504,5.157982051069652
505,5.739284558574582
506,5.308727624063818
507,5.138234793068945
508,4.620687432637887
509,6.009844832186602
510,4.91561477576194
511,5.948483757589843
512,5.434338249163487
513,4.950843515131595
514,5.545760068818505
515,5.996474012752721
516,5.465250467406179
517,4.708413319827301
518,4.782609399104569
519,5.7410015029224635
520,5.421525093460385
521,5.011377748494439
522,4.8992159800101405
523,5.590634896965695
524,6.9836188495815
525,4.827175478061189
526,5.412102992988251
527,5.79651923951068
528,5.105449877085022
529,4.984725834375234
530,6.942438824440123
531,5.867937294188494
532,6.8321703472799316
533,6.01330523829866
534,5.884414206757122
535,6.4597624966646645
536,4.972185707114455
537,5.079210463849353
538,4.9514670242798156
539,5.665621325576699
540,5.894574821532638
541,5.0748281297361455
542,5.457313082375917
543,5.465821495895843
544,5.3677215763975585
545,5.454948483584353
546,4.598842415660247
547,5.51187023554749
548,5.1449964071097165
549,5.916631485731175
550,4.755837909998287
551,4.881417688427386
552,6.2093879204898155
553,5.78886240946964
554,5.6999012878365525
555,5.065630864008963
556,5.295900223882812
557,4.924062059419368
558,4.9368457747015855
559,5.273479713966491
560,3.9565989689770786
561,6.023430075958304
562,4.383923863116391
563,5.999809941334898
564,4.84965541676768
565,5.563416246992982
566,5.651152758557689
567,6.139044905422465
568,5.233420786767059
569,5.75921086274187
570,4.454371976255082
571,6.109546565445743
572,5.922806699801254
573,6.0813381720968875
574,6.389789175123958
575,5.6144477122759415
576,4.426560910473344
577,5.960056824614396
578,5.889066680861088
579,5.829838309451935
580,6.2229993091452815
581,7.072738114990961
582,4.861364539249318
583,4.892632410776273
584,5.544992028323708
585,6.6924340657777694
586,6.040119699623075
587,4.694505896272251
588,4.673457616906479
589,5.666183812632969
590,5.495086475410605
591,5.837266002840748
592,7.0361743510278885
593,6.414215543267006
594,4.779542677095611
595,4.315534858431848
596,6.303618236311409
597,5.026194337881738
598,5.414148231750924
599,4.679019291127554
600,4.718828334724662
601,4.900274427010674
602,4.880358332690579
603,5.1682321795781885
604,3.685234655323815
605,5.947713231250287
606,5.775241748869952
607,6.4511547582680935
608,5.217077991320754
609,5.127578815521099
610,5.326327484624374
611,5.520735582556683
612,6.048831422669139
613,5.737373478811
614,6.3641772989276895
615,5.579793221709746
616,5.177856082301657
617,6.089752211014015
618,5.449653473151605
619,5.065377653181023
620,5.945468159688137
621,6.1971298371227075
622,5.53160357780711
623,6.391431993057615
624,4.9565683966167065
625,5.6666518566534725
626,5.5599281448674684
627,5.971146411659667
628,4.731753944630167
629,5.127066280549684
630,5.160519405639803
631,5.3680508694484566
632,6.257012752873258
633,4.914871165159568
634,5.209801992314944
635,6.887718815177775
636,5.0461288695257815
637,6.463668096946996
638,5.947713027141013
639,5.1999867360141065
640,5.128407217781521
641,6.693873369526078
642,5.566456711869366
643,5.785188232817293
644,4.924360943159824
645,5.000142058576865
646,6.449081805913565
647,6.466534699468308
648,5.246250594689981
649,5.880023562601173
650,5.200966375113074
651,5.649368516208474
652,4.840256225972599
653,5.8444296404350204
654,6.423035509333992
655,5.760965250270558
656,5.041333929539633
657,5.803720605253149
658,4.872662196357805
659,6.721236326356223
660,5.464451551905194
661,4.906253223424727
662,7.113128637360028
663,6.062532498275018
664,4.308181790013512
665,5.129727075801854
666,7.663108264773909
667,5.674092169121877
668,6.463039429086322
669,5.060842646524486
670,5.009127306205077
671,4.346691148859264
672,4.255598041484732
673,4.642357867545471
674,6.229046187858151
675,5.636520748812492
676,5.3076375817212185
677,5.103399117365189
678,5.924519787751981
679,6.8544898479117915
680,6.7563865407849795
681,4.906966718119955
682,5.378654844125658
683,5.648334025441675
684,5.132385903468266
685,5.990403050368108
686,5.573652843904311
687,6.512563393070422
688,6.142666599672862
689,5.2560684477374
690,5.158696502788042
691,5.42588241592608
692,4.121356572569335
693,4.560538855736831
694,5.881646405098883
695,6.426334795312123
696,5.205397548346605
697,6.013578387405014
698,6.259252067649775
699,5.624010715112894
700,5.2454460440189745
701,6.5471794382532025
702,5.922858506806135
703,5.615128505732617
704,6.522850894317398
705,6.696777998469189
706,4.927404814427016
707,6.812540078316152
708,4.682017548926394
709,5.822020694971346
710,5.038508428176775
711,5.26906742474236
712,7.289568197323986
713,5.351974852303458
714,4.89210509664685
715,6.6083236691561575
716,4.686896384789599
717,4.405906124228307
718,5.639777480983466
719,4.337499716743231
720,4.616408871018452
721,5.102289063646371
722,5.2046708892669455
723,5.504895080010861
724,3.9787026797949747
725,4.974645758106596
726,5.437318879251897
727,5.345905250253776
728,6.271550816915107
729,4.727867670485392
730,4.811153971473898
731,7.6728342590826815
732,6.345054382451425
733,6.780321079773472
734,5.317088922259331
735,5.057565882242167
736,6.0356765205532135
737,5.433775710019758
738,6.038905517159419
739,5.582854409366185
740,5.644316521142827
741,3.8799424513082315
742,6.057070115875106
743,5.882787440622815
744,6.210006474681205
745,6.3016662071919045
746,5.37696050243046
747,5.039782095015427
748,6.672739651640769
749,5.278864164237845
750,4.564827794273257
751,6.850398528795368
752,4.7527278407694515
753,5.954723450447897
754,5.230321022681964
755,5.612917066990741
756,6.030052450055767
757,4.878359220587865
758,5.828581771360431
759,5.2030446686395795
760,6.9056135642602205
761,5.4821649261364715
762,5.384261097999593
763,4.834233856166842
764,3.9580172038254537
765,5.80101758707688
766,4.904265845785444
767,5.657441081669269
768,5.135176416333596
769,6.643961250371809
770,5.77804868222412
771,5.956084799435356
772,6.094217538700178
773,5.340921407601493
774,5.081305569415054
775,5.64603746761341
776,5.644886355123325
777,4.436026275709524
778,6.215619514730064
779,5.217535791989936
780,5.127862132062914
781,5.04264290210879
782,4.9296754539147205
783,5.612861201072661
784,4.553355741243534
785,4.502711170842123
786,6.576114531059124
787,4.6172009800159115
788,5.2781325793877265
789,5.975116055620921
790,5.745387707214642
791,6.284242589507041
792,6.399190411271155
793,4.994261983886354
794,5.857916919841941
795,4.547827598366677
796,5.441135616091057
797,4.640801250518476
798,5.317503745655663
799,4.707951806968454
800,4.808699825472339
801,5.502739101923843
802,5.346208236333175
803,6.16832166910202
804,4.985658510319712
805,5.582470032176698
806,6.8807313825463785
807,5.748020911837616
808,5.906483971003606
809,5.568670501781211
810,5.521182788371355
811,5.4623873344711935
812,6.607690363996456
813,5.481415706851217
814,5.68931523819864
815,4.969818696524085
816,4.887109489823649
817,5.029734185584649
818,5.4021542291259195
819,6.014424935166304
820,5.279298247168612
821,4.861605685189127
822,5.525002338309009
823,4.351710416551136
824,5.557387940254026
825,4.0492024320175
826,5.990636969773398
827,4.7891370604480334
828,5.921356178796572
829,5.167542559841106
830,4.570139065524705
831,5.785929243398648
832,5.305456058757397
833,6.241751762632369
834,4.554245685928369
835,4.903266084836814
836,6.644367740635677
837,5.270700620047297
838,5.727113535975776
839,5.840844329555238
840,5.150315203768281
841,5.03768377577113
842,4.770818404772892
843,5.404853011441363
844,6.363682973769469
845,5.532923077380218
846,6.088709052260743
847,5.876619249556734
848,6.078300681610386
849,5.748544880208996
850,5.073764233049293
851,3.314578491623246
852,6.592840876636676
853,6.2982726175087915
854,4.937607908326392
855,6.020967087116589
856,5.361555312412427
857,4.612979631681879
858,5.851495660325076
859,6.317417240283265
860,6.374883134537445
861,6.560139089334636
862,5.793784159086346
863,7.297433639314008
864,6.054668878708741
865,4.641922022840253
866,6.3120984831806695
867,4.979686354916918
868,5.594710879378488
869,5.511209054635809
870,5.834236082805674
871,5.5999249408427785
872,4.777191361035187
873,5.88338342454883
874,5.6815807407075685
875,5.388828667315383
876,5.122785600276918
877,4.751879816441798
878,5.397603705605462
879,6.001262088497992
880,4.696504526003714
881,4.831658436120661
882,5.083739532981621
883,5.0586201302263625
884,5.560764296500139
885,4.8950110297254845
886,4.859082316771711
887,7.062622412470195
888,5.35440307546443
889,5.209523662444351
890,4.69135779825412
891,6.87725536509413
892,3.8382730100018856
893,4.670835222476164
894,5.859893177449781
895,4.584802282524923
896,5.486838721964603
897,5.119943326560833
898,6.272483520102589
899,6.323273164151403
900,4.866853052480655
901,5.611821153087321
902,5.940250455130518
903,4.931857672435838
904,4.447852456161778
905,7.50261255437381
906,5.735561256675897
907,4.711903376492343
908,6.050047378350991
909,5.221295867025431
910,5.8365102984855355
911,4.632771599515615
912,6.503585996720959
913,5.200273200226446
914,5.0564860233119395
915,4.84236226823412
916,6.000341395442723
917,5.455861604650501
918,5.744113595466421
919,6.263944218113274
920,4.78660995383388
921,5.59513083655417
922,5.493695621812049
923,5.3182092346048915
924,4.870712084771496
925,5.852007070120799
926,5.307315707173846
927,4.643913346820575
928,5.161351524100855
929,5.955589549965152
930,5.286963579758879
931,5.801749544582171
932,5.523405925172809
933,4.950080677115877
934,4.798107017442266
935,5.021249113564119
936,7.698536510018278
937,4.999386026204178
938,4.771405291584289
939,5.60468535530849
940,4.667451093932392
941,6.39509064591039
942,6.278328575205585
943,4.941916971486744
944,4.569825996085611
945,4.859617015887451
946,6.811716253825701
947,4.7733583370098325
948,6.209502690087557
949,6.136364140900669
950,5.121639049340445
951,5.697851167016692
952,5.534931643221959
953,5.2273074716650285
954,6.375768861640062
955,6.704461665583613
956,4.664874887526026
957,5.247474803811844
958,5.447367887950053
959,6.949909039210432
960,5.912374434990259
961,4.846678727809575
962,4.563521956371408
963,6.656004955721295
964,5.910887701017077
965,6.619899663165988
966,5.600469840378069
967,5.012267969035834
968,5.894624745838946
969,5.736425820043378
970,5.408690363694952
971,5.480120640455891
972,5.420850901690123
973,5.659114855276737
974,6.676220816036832
975,5.520328122226822
976,4.382934615591665
977,4.5183952521497055
978,5.337286025691699
979,4.947119476721295
980,5.890679505878819
981,6.844833452239663
982,4.490497150486218
983,4.971149751467814
984,4.7232621184416805
985,5.202469301533532
986,5.995362278457202
987,4.574731933890467
988,5.0751536519119265
989,5.019372688030892
990,6.438166501448531
991,5.96015547117571
992,4.9663269297421335
993,5.498296726213476
994,5.103027695005067
995,7.205960424075503
996,4.225067997862619
997,4.97794483818455
998,4.97203283522851
999,4.852509818563978
1000,5.972915904925591
1001,5.667036817398101
1002,5.555631874681776
1003,6.827782354170755
1004,4.963091198072515
1005,5.853221676815157
1006,4.91212247575648
1007,4.5374364974444426
1008,5.454453194709261
1009,5.326295705646822
1010,5.456172101371093
1011,5.659812702244695
1012,5.03101144538459
1013,6.4168726081456455
1014,4.74248928333267
1015,6.206129220523578
1016,5.819295114196338
1017,5.819875544263911
1018,6.169633279999954
1019,5.111149563892196
1020,5.405058028745826
1021,5.925962756265036
1022,4.794783184102126
1023,5.837213632167036
1024,5.29395537781839
1025,4.6523152705570965
1026,5.815085001794234
1027,5.06528218311554
1028,5.3540808055355855
1029,3.931997476154118
1030,4.738436870748351
1031,4.789859292105113
1032,5.176640574441025
1033,6.005100481530384
1034,6.951990996011341
1035,5.386553184876301
1036,6.139361582658292
1037,5.052161424252538
1038,5.988010037036969
1039,4.936156018141698
1040,4.399387455993879
1041,4.885329430788596
1042,5.388020610943162
1043,6.18648587428893
1044,5.047927973696679
1045,6.598465811930901
1046,6.159056088236293
1047,5.296221328473596
1048,5.30769831261754
1049,5.193417732704199
1050,5.381457363410583
1051,5.768125431964384
1052,5.50434771439661
1053,4.877643503699577
1054,4.935803823058523
1055,5.920272557673762
1056,5.160269104933532
1057,5.864994273161183
1058,5.179223465262936
1059,5.173000447860681
1060,5.095306146719422
1061,5.369665462530418
1062,5.8574192783113315
1063,5.597628152925325
1064,5.695199254035718
1065,4.767475820525817
1066,6.135990696597522
1067,5.026665321394041
1068,5.825852040201017
1069,5.084701213193573
1070,5.245960114476162
1071,6.285910219275269
1072,5.845427081401417
1073,6.807341120128779
1074,5.1806522094012974
1075,5.950766036728271
1076,6.112238663647937
1077,4.50753695150022
1078,5.996171189725697
1079,6.862046875852786
1080,5.450925549097228
1081,4.283341108067667
1082,5.693831278232748
1083,5.879672959924632
1084,5.6460046988227885
1085,5.889833485592175
1086,5.55485702603823
1087,5.353643425392031
1088,5.142529617249894
1089,5.604410517667489
1090,5.462559429817075
1091,4.497632503234078
1092,4.573642119532542
1093,4.439256526665031
1094,5.590273725839896
1095,5.911737977395216
1096,4.487118022840131
1097,5.75104813721166
1098,5.537215972374181
1099,4.870219301240663
1100,5.835748153925925
1101,5.95985320222686
1102,4.998029743189506
1103,6.257912330472973
1104,6.955094224445087
1105,4.884240132466296
1106,4.579932320369604
1107,6.750202960372127
1108,5.816629598209217
1109,6.201374328462111
1110,5.167027770263712
1111,5.1596044531258265
1112,4.900471034502381
1113,5.708819808111759
1114,5.417348404121821
1115,4.451699918639017
1116,6.042744932492302
1117,5.920802414237369
1118,5.219995674246545
1119,5.240314750678963
1120,5.075421610107005
1121,5.4108574156804945
1122,6.003716592484542
1123,5.247687002468895
1124,5.919297620972939
1125,6.169948175036344
1126,5.4190354410338415
1127,5.245934792054101
1128,7.490885914477343
1129,5.1947125252064685
1130,5.298569989976185
1131,5.589623571203841
1132,5.811873600299116
1133,5.490005898354147
1134,6.237693716122598
1135,5.134548416589796
1136,4.841610104987922
1137,5.47269753958372
1138,4.624766407225188
1139,6.251457625115236
1140,5.9388670741211875
1141,4.459162697434916
1142,5.605068930031859
1143,7.322414114485808
1144,6.51026585096675
1145,5.708003069812864
1146,5.625381331865489
1147,5.35416796828701
1148,5.308313419341221
1149,6.119671931844269
1150,4.918690073952186
1151,4.99585938215911
1152,4.923223515269649
1153,6.199728010239053
1154,5.883480249561127
1155,5.133408561956706
1156,6.479415879351537
1157,6.386200553634238
1158,5.967842656404516
1159,4.973923819771683
1160,6.091082846317509
1161,5.764134072212579
1162,6.619702117486385
1163,4.372795882611418
1164,4.458823136473678
1165,5.9334388035774115
1166,5.382087057784945
1167,5.761419641908684
1168,5.669437686775511
1169,4.14524862914413
1170,5.847449971459289
1171,5.142785528495633
1172,4.1467039005020485
1173,5.219173407878275
1174,5.145862518781339
1175,5.101622867005467
1176,4.913687144438767
1177,4.561953398072209
1178,5.247896431667659
1179,5.588475294029928
1180,5.824617993465427
1181,4.859678706163034
1182,5.112365675261163
1183,7.396516432993641
1184,5.916012059841432
1185,4.7398581827942055
1186,5.409322582509226
1187,6.624073920279018
1188,5.277192054795099
1189,5.883303145006578
1190,4.284820637365798
1191,4.875567025332906
1192,5.2181920092371294
1193,6.296686676014734
1194,4.572625193051806
1195,6.420712174695288
1196,6.056869017853534
1197,5.204980714486006
1198,5.483300232673713
1199,6.07786928522246
1200,6.176738447434484
1201,4.488678564421925
1202,4.844211398240639
1203,6.045440187117434
1204,5.836005051639947
1205,4.444255616509697
1206,5.336738746018726
1207,4.504126858358806
1208,5.3623066722237045
1209,5.344434601774691
1210,4.727224681548593
1211,6.392631314541573
1212,6.338970725493931
1213,5.720185446462369
1214,4.844521720007655
1215,6.7068210354690745
1216,5.775711416218634
1217,4.996482144915921
1218,6.148324706702721
1219,5.932135766067283
1220,5.745321168178382
1221,5.593106372639047
1222,6.108611975406248
1223,5.474751121136805
1224,5.462186057444926
1225,5.2005776108670005
1226,4.860447139392048
1227,5.398173910283143
1228,5.703419667214735
1229,6.56634380512175
1230,4.694241227302175
1231,5.852480718784966
1232,6.336062405704985
1233,5.2802347408918315
1234,5.372097623304811
1235,6.0183741349800535
1236,3.9959711414940076
1237,4.744538439222012
1238,6.504302315597835
1239,5.587941727520691
1240,5.402955156969016
1241,4.617416583044645
1242,5.386075564600583
1243,6.105038453347088
1244,5.735604909088284
1245,5.47793510301847
1246,6.571642622670108
1247,5.006023306270624
1248,6.265087658327681
1249,5.791825381395066
1250,5.770043149697753
1251,4.228778804490766
1252,5.046486229091949
1253,5.185963033833427
1254,5.378144432851803
1255,4.8491325551244016
1256,6.1072947987083435
1257,6.534585804041885
1258,5.928185439934541
1259,5.211485619419218
1260,5.061210354087341
1261,5.323565163113085
1262,4.751510042254331
1263,5.714127062588487
1264,5.08934952657554
1265,7.254868436461982
1266,5.393823523161977
1267,6.1514332122587
1268,5.254307548022809
1269,4.553649969439033
1270,6.386990675052704
1271,6.587278984455269
1272,4.607491833273289
1273,4.379696700774711
1274,5.258698289063848
1275,5.213139716010165
1276,5.3940502198339
1277,5.350980679814132
1278,4.610128335001143
1279,5.721193190733663
1280,5.5415754186675
1281,5.231733130256292
1282,5.230552828946011
1283,5.289023065264637
1284,4.768792555723646
1285,5.967849312749041
1286,6.090094481849195
1287,5.6754408002615
1288,5.214030085831469
1289,5.772002348095153
1290,5.946472063438737
1291,5.974410928699963
1292,5.998642125480257
1293,4.996080635296804
1294,4.807099362665476
1295,5.289923194512061
1296,6.023512274380195
1297,4.713488730531588
1298,5.401054053673091
1299,5.141697557082898
1300,6.260132118779932
1301,5.148233555124561
1302,5.935362205902041
1303,5.890803180328107
1304,5.62213502674167
1305,5.72272145952171
1306,6.074107083545989
1307,5.235732753626056
1308,5.995675230612905
1309,5.347467427224579
1310,5.13386887497588
1311,5.0017392757571155
1312,4.727054064094639
1313,6.976677522430187
1314,6.324746141547578
1315,6.590440569010351
1316,4.47245009562863
1317,5.522072797631294
1318,5.795734784371625
1319,5.225517393777575
1320,4.692402227700242
1321,6.673756123285317
1322,6.158965164851515
1323,5.107212590863237
1324,5.701185357782868
1325,4.96122032857918
1326,5.384016140938761
1327,4.853462038925708
1328,5.615575248813022
1329,5.7100884309136495
1330,4.0916239046106835
1331,5.631508110274602
1332,6.075270227992703
1333,5.640209661736065
1334,5.335258169908843
1335,5.2091396434193005
1336,6.035042524730804
1337,5.994622290535848
1338,6.316414785178742
1339,4.671135983467059
1340,5.4721515659658095
1341,5.628398267688504
1342,5.240520344251327
1343,4.884387632363585
1344,5.687601079619625
1345,5.56086258224839
1346,5.40212139123167
1347,3.352287546848868
1348,6.006939251697765
1349,4.795769795612918
1350,5.512471092166506
1351,5.793356934171966
1352,6.060300478794433
1353,5.043107033653299
1354,4.826002711724047
1355,5.413547620017674
1356,4.162633234720886
1357,5.234970226275568
1358,5.5566932996520455
1359,5.579937983039319
1360,6.182908817591083
1361,5.182615834281828
1362,5.84848733649526
1363,5.32505632318065
1364,5.667627037039819
1365,6.741503399394566
1366,5.997567418370505
1367,5.415930977017554
1368,5.437866557001345
1369,5.560977787586246
1370,6.252784994519124
1371,5.645333568424219
1372,6.517542775287332
1373,5.320614699628805
1374,5.12303157161308
1375,4.21858194826486
1376,6.21938413738013
1377,5.413373185871644
1378,4.709289300513621
1379,5.876106807649615
1380,4.949823183060137
1381,4.800381455331359
1382,5.702309619742326
1383,5.694158025118483
1384,6.135754252236187
1385,5.072769028259113
1386,6.494542898413281
1387,5.826914673800032
1388,5.288486961532307
1389,4.479519138688305
1390,4.969352442235784
1391,4.763663582608899
1392,4.667494002868363
1393,4.98559508340999
1394,6.158729593300026
1395,4.682051255530649
1396,4.167524895597904
1397,7.556522795208997
1398,5.2700015622008705
1399,4.655281295396691
1400,5.253053278516523
1401,5.322663569990384
1402,4.253276811477904
1403,4.67657114124104
1404,5.175785615145776
1405,5.847831969848846
1406,6.185499797739515
1407,6.2586979585698534
1408,6.739444064214045
1409,6.138669695034625
1410,6.159017420131622
1411,5.9682010545359
1412,5.032012458158285
1413,5.103040274114077
1414,5.540592756090597
1415,6.216092023690245
1416,5.779805818957292
1417,6.5891359086622225
1418,4.653516500255633
1419,5.535694647156271
1420,5.741700500050632
1421,4.8215196077230456
1422,5.234192117410885
1423,5.433241771294105
1424,6.276156747910893
1425,4.39923152749587
1426,4.4851916456518675
1427,5.945747519487908
1428,5.028407433781691
1429,6.233451714473767
1430,5.270212457476017
1431,5.196228202863946
1432,6.044622518720166
1433,3.9584751355932593
1434,6.124834187765282
1435,5.244960156004128
1436,5.299362773142335
1437,5.866176349742814
1438,4.787973353176682
1439,4.383053075544845
1440,6.653228081494612
1441,6.384658376020187
1442,5.019534389763473
1443,5.405121565638185
1444,5.952592389197881
1445,4.905550480156125
1446,5.585544196266963
1447,4.691397994865103
1448,6.617546495920276
1449,6.447108581751557
1450,5.81258728121427
1451,4.267706336773807
1452,5.59879135596111
1453,5.4028126392263065
1454,4.288418222393492
1455,6.494399173049028
1456,5.679995741595351
1457,4.931255232701706
1458,4.295093178567123
1459,4.756487284553733
1460,5.07164849784864
1461,4.690392427856999
1462,5.061337964583837
1463,5.476485446428677
1464,5.631194953687925
1465,5.511649924933014
1466,5.189562504458379
1467,6.7833748380071945
1468,6.0684549282983085
1469,4.140628378827975
1470,4.992531416107263
1471,4.650372449446045
1472,4.459342415551456
1473,5.184328229155191
1474,5.66148554630873
1475,5.507937473615582
1476,6.699958586297212
1477,5.786024902302428
1478,6.8951820683082
1479,5.231486554805802
1480,6.516045611295738
1481,5.575226011430242
1482,5.096580085032128
1483,5.438534128287634
1484,4.9450582548988695
1485,4.947672140680663
1486,5.055703781279975
1487,6.710378398281282
1488,4.861780378291834
1489,5.385626874355675
1490,4.938893389659055
1491,5.195201580703114
1492,5.182433221216988
1493,6.037137267293174
1494,5.175284501278978
1495,4.4224519527333594
1496,3.8069218175166215
1497,4.908497300324286
1498,4.976687704288717
1499,6.514536495226977
1500,7.162173764982975
1501,5.236710009874767
1502,5.161455445638697
1503,6.265977388559997
1504,5.883108090099396
1505,4.641682449174781
1506,5.492429789453582
1507,5.654440675385201
1508,5.207682118569757
1509,5.186191132838326
1510,6.194032129689647
1511,4.679193344521676
1512,5.437666038466771
1513,4.644730767178747
1514,6.13328235466347
1515,5.973316494510181
1516,5.994298909204217
1517,6.254486171305989
1518,5.708099325910556
1519,7.449258913267175
1520,4.72200658349078
1521,5.728792808721128
1522,4.361010621612476
1523,5.015425022713233
1524,5.412723830274531
1525,5.13100715518733
1526,6.027946973078152
1527,6.836458275190733
1528,5.976241894482193
1529,5.474131914002829
1530,5.3812131289109635
1531,5.922181023715839
1532,5.444605111393798
1533,6.203407111468058
1534,5.509149136910192
1535,6.053063375718375
1536,4.300554872720684
1537,5.355616647924297
1538,6.836933438949249
1539,5.285682758123634
1540,5.561224400841723
1541,4.876265302070384
1542,4.889229428206061
1543,5.303601851356122
1544,4.361252323792121
1545,5.823803371344477
1546,6.315750872589495
1547,4.850961612061483
1548,6.144206268032374
1549,4.5547774376976715
1550,5.924676159476386
1551,6.024535161040804
1552,6.251201705882937
1553,5.434443371299123
1554,4.704689485784482
1555,6.075413356205338
1556,4.885688302255341
1557,7.398780633143946
1558,5.023813210425009
1559,6.57584928762989
1560,6.5366558491393585
1561,7.287328720831683
1562,6.0980345285414375
1563,6.048213362049142
1564,4.571563466555528
1565,4.758186161798918
1566,5.518053037835794
1567,5.355438528252897
1568,6.387508314730975
1569,4.164502387295407
1570,5.120971114508186
1571,6.356223514355349
1572,5.938176111438205
1573,4.52906789432684
1574,5.6779904917976305
1575,5.392734987477928
1576,6.146446882818906
1577,5.743678647309634
1578,6.879212317755236
1579,5.404079870563443
1580,4.815811306712242
1581,5.094077736421991
1582,5.59012774934177
1583,4.911993186314927
1584,4.487612758237894
1585,5.0191124579749795
1586,4.9826060039025695
1587,5.4937273109896125
1588,5.9857065202933235
1589,4.5710436273478585
1590,4.36562092389006
1591,6.282643272656128
1592,6.239608426245472
1593,5.484421911722995
1594,4.0280047303583215
1595,5.150763664111988
1596,4.829880217845929
1597,5.488968561041002
1598,4.724119054897419
1599,5.442191491265571
1600,7.180863123907006
1601,5.648877683374876
1602,4.660586717306229
1603,5.969030092803662
1604,5.643162904110799
1605,5.467909400331971
1606,5.511729058572352
1607,5.2993125031894115
1608,6.863670272755683
1609,6.423463062096248
1610,6.176043548180849
1611,5.805735754138899
1612,6.596814847185449
1613,5.359339335192486
1614,4.394048023157757
1615,6.109224863349369
1616,5.0818565075097535
1617,6.3428983233202585
1618,5.436539174493306
1619,5.396611229367453
1620,6.515071435195248
1621,5.793178362885586
1622,4.345132903105226
1623,4.9530316814857
1624,5.694877029952498
1625,5.507751143859897
1626,7.383812180383343
1627,5.081352754081219
1628,4.849977950822662
1629,4.785812057154397
1630,6.009285336180253
1631,7.126697439598886
1632,5.491712286995862
1633,6.404224007669219
1634,4.605694277409995
1635,6.60054754207322
1636,6.113216825928518
1637,4.975577386277411
1638,4.811093283548971
1639,4.322399806412901
1640,5.107082413566816
1641,5.690825354227631
1642,6.08852341150247
1643,6.344103534702356
1644,6.080512988936426
1645,6.151125319017805
1646,5.2611881878760505
1647,5.614688399585186
1648,6.309265892786996
1649,4.914541134406596
1650,6.330436485219794
1651,5.078372311419503
1652,5.606718153004547
1653,5.234899710977865
1654,5.150184831490331
1655,6.00674433667834
1656,4.738093913521313
1657,5.351865155102453
1658,4.715237374448059
1659,4.284838763763602
1660,4.696437473435884
1661,4.254275382104266
1662,5.179516735583546
1663,4.803176611435896
1664,4.085576487508373
1665,5.892866138808035
1666,6.342220132034383
1667,5.11880761151555
1668,5.9756095556867495
1669,4.8043302951661095
1670,7.161176899083037
1671,4.390904993289894
1672,5.417067318638701
1673,3.5269833223778733
1674,6.259751008673236
1675,5.809995342258764
1676,4.768927926169818
1677,6.237344191950653
1678,6.23661122542541
1679,5.750114380335327
1680,5.707947639612818
1681,5.450408819994243
1682,5.452626115998181
1683,4.322839700408733
1684,4.4819030273654885
1685,5.423565765396511
1686,5.18636770686457
1687,4.963301563282858
1688,6.004165684725495
1689,5.261535017164077
1690,4.854637653285273
1691,6.499587905491991
1692,4.7492388876250455
1693,4.979791282458437
1694,4.927939361766284
1695,4.9256248114807795
1696,6.570224824977642
1697,5.709974674067738
1698,6.092526965487074
1699,4.9762132366769825
1700,4.130212075656868
1701,3.7052857291890926
1702,5.501397099975241
1703,4.023047176786985
1704,5.1607255322993035
1705,4.855522367964005
1706,4.594291630867934
1707,4.837984834517548
1708,6.340893919951885
1709,5.388688127517273
1710,6.066426508751175
1711,5.438540153690658
1712,4.929562803784835
1713,4.1753044239618315
1714,5.858284555834944
1715,5.173805460855807
1716,5.148916506052432
1717,4.30566538043983
1718,5.8113691147536315
1719,4.681012570140091
1720,5.880216090599213
1721,5.839522492854228
1722,5.699232094879917
1723,5.483565273984068
1724,6.235800131052551
1725,6.089182325538053
1726,4.960910711506963
1727,4.272194396152379
1728,6.476697466426867
1729,5.926620563698952
1730,5.346781333639974
1731,4.749882289572522
1732,6.541356974151599
1733,5.164003183269493
1734,4.67620854350058
1735,5.392042577539219
1736,5.246441683679928
1737,5.0468178322813
1738,4.981399355485205
1739,4.375804214955254
1740,6.519482907131437
1741,4.169388718853829
1742,4.800834683177395
1743,6.093176008176234
1744,6.558680586063062
1745,5.652842797434078
1746,5.845551325238259
1747,7.055408317215958
1748,6.174928523310095
1749,6.154309958909478
1750,4.308523014561931
1751,5.472685675489277
1752,6.259322681315257
1753,4.639774994215875
1754,4.588388626535203
1755,5.773750300495693
1756,5.14634531213634
1757,5.32033584401348
1758,7.530217150210672
1759,5.939370284805811
1760,5.798520656174715
1761,4.268669344277142
1762,5.087691297523335
1763,6.0876932569828694
1764,4.8614681312924635
1765,5.994890483879177
1766,4.900607435325167
1767,5.213964141380844
1768,4.673017221981932
1769,4.915514717673034
1770,5.371962505593228
1771,3.6902366464776364
1772,6.629156753526769
1773,4.9947098288383955
1774,5.087073721302261
1775,5.790854896343754
1776,5.26527365143764
1777,4.740120445807624
1778,6.040849656353085
1779,4.620372849770396
1780,5.165175833358234
1781,5.642081469675816
1782,4.669811591266835
1783,5.55858293702829
1784,6.13020816151991
1785,5.192747955858304
1786,5.21009413574803
1787,5.458656327244177
1788,4.41274212949005
1789,5.429091348701164
1790,5.386387910592764
1791,6.247282022349725
1792,4.044458191311424
1793,5.5951662798843165
1794,5.385348048168433
1795,5.674836959300244
1796,5.311264782426363
1797,4.3218603218668665
1798,5.30651974592692
1799,4.3060267428596
1800,5.749354333449963
1801,5.81428091321609
1802,5.717919679726127
1803,4.951230891257982
1804,5.383904775543285
1805,6.909752879213407
1806,5.758181796371677
1807,8.133413538412727
1808,6.66548178149249
1809,5.501647729109086
1810,5.564753287194851
1811,4.371067453663144
1812,4.246242218602623
1813,6.964526049429792
1814,6.215398248413001
1815,4.608070053782822
1816,6.074700133491117
1817,5.5995042478316375
1818,5.136425118527295
1819,6.442655823832548
1820,4.75765099124554
1821,4.873211047985866
1822,4.92320222338757
1823,6.646273215180627
1824,4.744838578493897
1825,6.0299535641978945
1826,6.078893277473082
1827,5.812019192329486
1828,5.654506816399224
1829,5.092747817386952
1830,5.14030922453065
1831,4.9412796835465205
1832,5.244104930397779
1833,6.0476228312349996
1834,5.338556109249941
1835,6.342671129003563
1836,4.794857133043131
1837,6.521229378781248
1838,4.722338386940889
1839,5.957219018327493
1840,5.731413040852075
1841,6.887384510810858
1842,5.8749120659313245
1843,6.771266807147692
1844,4.989678902695074
1845,5.291525964563185
1846,5.399504866745228
1847,6.132606190502315
1848,4.781979898465352
1849,5.4857185701630495
1850,5.731556040407042
1851,5.9358054730927945
1852,5.871123989807851
1853,5.068132764638475
1854,6.238724977863301
1855,4.985287451463236
1856,5.211351052270781
1857,5.696801460319326
1858,6.3324757123198445
1859,5.346898448036606
1860,6.356857475238446
1861,6.242973274548221
1862,5.292311789504528
1863,4.899045339485953
1864,5.811395711037048
1865,6.569185191425126
1866,4.894590594145647
1867,4.595262012822487
1868,5.8584385997792285
1869,5.302332470986302
1870,4.993670654463761
1871,6.563014188331515
1872,5.307623399060116
1873,6.278923085196958
1874,7.437446422356409
1875,6.088967976614791
1876,4.862416906000146
1877,6.530111731080369
1878,5.648435278995754
1879,5.258743826662565
1880,5.087500585513102
1881,5.740327347407145
1882,5.214078456311644
1883,5.913927522913659
1884,5.984670827510611
1885,5.172650961015473
1886,5.565825554529265
1887,4.760188665384273
1888,5.1628529602382915
1889,4.895051017061279
1890,5.159242680930374
1891,4.126128591700422
1892,5.633544173269974
1893,5.185957307675299
1894,5.301851225911398
1895,5.728682298625857
1896,4.785531947184499
1897,6.010591043542992
1898,4.615953530800299
1899,5.67920960415709
1900,6.6652020821471325
1901,5.5112942195779535
1902,7.105852769314089
1903,4.831514137303854
1904,5.1063392301446475
1905,5.053637133821215
1906,5.714303728655399
1907,5.047118204924736
1908,6.1502504198428225
1909,4.573013378040988
1910,5.6484071691833035
1911,5.406742585145835
1912,5.671804793122607
1913,5.904562928628866
1914,5.4352319622413505
1915,5.15156107916367
1916,4.53870704358884
1917,5.706410095850849
1918,5.360397230969473
1919,6.126351798850599
1920,5.013625869891018
1921,4.892367141466725
1922,4.986298790693527
1923,5.0418359693475905
1924,6.390386443462739
1925,5.404859825939641
1926,5.987711749302303
1927,5.8032924644980195
1928,4.638323678880257
1929,5.539946145528755
1930,5.18203866489299
1931,5.259249157827935
1932,5.453976162029542
1933,5.733319986472185
1934,6.422388603522849
1935,5.797509125274892
1936,6.193083276281953
1937,5.294538201734684
1938,5.085223231286842
1939,5.2316994593461565
1940,5.17151035698415
1941,7.312011454596212
1942,5.766641522562572
1943,6.375908819454233
1944,5.741430712591328
1945,5.025938235347138
1946,6.099686789263556
1947,5.529448907066829
1948,5.641239390815141
1949,5.723792819840542
1950,5.042593209291573
1951,6.015083023251025
1952,4.938698850825859
1953,5.271588119908138
1954,5.396316715960048
1955,5.074463616000693
1956,5.01360486631943
1957,5.590199934528036
1958,5.405213265489104
1959,6.206879226044342
1960,5.6686922136465805
1961,5.863689920213287
1962,5.411144377834074
1963,5.0532877966101
1964,5.812859567109332
1965,6.337882988848016
1966,6.05583466963051
1967,6.953367408620607
1968,6.084278890000377
1969,4.8512849784363405
1970,5.531749260774923
1971,5.382253477133732
1972,5.7165785053763924
1973,5.955752603504742
1974,5.768445255879244
1975,6.014598940705634
1976,5.7418673267159255
1977,7.138144619734574
1978,5.79201161994323
1979,4.429202981517234
1980,5.855511771828208
1981,6.647933382622027
1982,5.954644777194564
1983,4.9686170036198885
1984,5.766212620748466
1985,6.248607770380205
1986,5.223054435487144
1987,6.551052404818291
1988,4.984971094826108
1989,5.74381562201887
1990,5.362756832439412
1991,5.780453677772936
1992,5.331846704562172
1993,6.498180472920638
1994,6.71475146416031
1995,4.715739997472713
1996,5.490253997138356
1997,5.516945436999743
1998,6.403739310586158
1999,5.736461794288271
2000,5.336704795072429
2001,5.3618894286836
2002,5.631329457251688
2003,5.304590741429257
2004,7.103155015731857
2005,5.0005733961561365
2006,5.211358312052983
2007,4.607531996766111
2008,5.622322870254796
2009,5.401413216303117
2010,5.3614536276906595
2011,5.007148347161758
2012,5.604850023169415
2013,4.59032144643982
2014,4.92919514436913
2015,4.680556538836914
2016,6.148786666218158
2017,4.669403349891752
2018,6.576394996236948
2019,5.460500630241463
2020,5.660925985220099
2021,6.402570770522113
2022,5.260621843864282
2023,4.86745222402382
2024,4.1866287993136995
2025,4.707522626243281
2026,7.162822816317571
2027,5.554582211635563
2028,6.201288868511488
2029,5.741812362329043
2030,6.114348589772992
2031,5.304461015216219
2032,4.89525348088406
2033,5.94495499232659
2034,4.659991691716711
2035,4.5654770313551944
2036,5.9370747893242335
2037,4.976200928054879
2038,4.793619384474066
2039,5.315208805142829
2040,5.197160662692916
2041,5.914763396609849
2042,5.323636916931125
2043,5.09209316194223
2044,6.046449018633865
2045,6.739822694117865
2046,5.00599248226634
2047,5.175519916154071
2048,6.3815715083805085
2049,5.654132859070547
2050,5.184071542079421
2051,5.3773292407273585
2052,5.107214409584866
2053,6.804301158202583
2054,5.04567975249204
2055,4.854418883032064
2056,6.621013044867832
2057,4.7114200511600055
2058,5.265087672302838
2059,5.765069150193421
2060,6.019639526608501
2061,4.788686164897733
2062,5.011709278888776
2063,4.835774874366673
2064,5.565785859554136
2065,6.750585421129168
2066,4.7890492186232745
2067,6.085179649432734
2068,5.403027555523559
2069,5.641307862414559
2070,5.274125883406424
2071,6.530827631300669
2072,6.645494654534429
2073,5.8821470273260985
2074,6.501256442598393
2075,6.0696485640039235
2076,5.775708706131055
2077,5.42266228095186
2078,5.741642427055632
2079,4.53697240683456
2080,5.502058623212252
2081,5.721574640179018
2082,4.514532553904067
2083,4.403760453367394
2084,5.250909463428633
2085,5.380551551663447
2086,5.197468379827876
2087,5.761367635375763
2088,4.934924683781738
2089,5.827583052560767
2090,5.10145639180607
2091,5.637082410803273
2092,6.811699529370521
2093,4.6843249918007155
2094,4.255668283732581
2095,4.970969536132431
2096,5.0755776574097125
2097,5.698442863753595
2098,5.795414974514298
2099,6.987300485684259
2100,4.69038320793941
2101,5.326988286879889
2102,4.261393324550259
2103,6.096070598041875
2104,6.112321391308353
2105,5.776918672403125
2106,5.104780734603846
2107,5.730203696715503
2108,4.856068077459362
2109,5.826507683107243
2110,5.760658568176341
2111,5.082043317750191
2112,4.440095587692304
2113,5.117006639315478
2114,6.815097944548292
2115,4.478424493937098
2116,4.788991416310117
2117,4.623111199450863
2118,5.380940139602489
2119,4.144569573975125
2120,6.247924826377308
2121,6.2188503477324355
2122,5.60719299733976
2123,5.668477106644449
2124,4.367128626060864
2125,4.846560411513924
2126,4.999078994551885
2127,5.627654153687099
2128,5.963622025131423
2129,5.989745114892276
2130,6.143505614636396
2131,6.040453263840192
2132,4.565173539670415
2133,3.84282143166147
2134,5.2224112507899125
2135,5.087071366955928
2136,5.445730068932831
2137,5.931028318075114
2138,5.2054114238557325
2139,6.93469129985961
2140,6.314331037651715
2141,5.300603640616232
2142,6.749244528072196
2143,4.846046861546132
2144,5.301999550184064
2145,5.079126404023759
2146,4.963219604273267
2147,6.524627750111045
2148,5.161681474475023
2149,5.8007147232498655
2150,6.299633120133998
2151,5.651753020905811
2152,6.304647427644706
2153,5.536347926169686
2154,5.229438101049739
2155,5.668647637734644
2156,4.801134466426435
2157,5.344605816722209
2158,6.23551592479582
2159,4.908450725767412
2160,5.371468633207597
2161,5.671492500394841
2162,6.549298309800271
2163,5.41540346655823
2164,5.71026903225202
2165,5.452430284348056
2166,5.2407784502193
2167,7.31507007078853
2168,5.206050286614113
2169,4.842152408250363
2170,6.612131656077201
2171,4.436662745716163
2172,5.820637699161049
2173,6.353971820537573
2174,5.619875464980028
2175,4.34007793548963
2176,5.543153715523623
2177,5.353548864741367
2178,4.8795529938906075
2179,5.78200078031371
2180,6.420055306409018
2181,4.884143699884957
2182,5.126310017841693
2183,5.359749021400255
2184,5.0649470805164665
2185,5.0606474647478965
2186,7.28107950881814
2187,6.992836648439242
2188,4.580202583009471
2189,5.3827402309525025
2190,5.6375533933324915
2191,5.453925543771809
2192,5.48424857253961
2193,6.994230851417738
2194,5.293817189993161
2195,4.355226222904087
2196,6.971338760781485
2197,4.848796173396669
2198,5.768064083752038
2199,5.786364220969293
2200,5.739692825531855
2201,4.151765562427555
2202,6.8202148340071
2203,5.168602924542692
2204,6.34142577414325
2205,6.367182834073952
2206,5.034308618157045
2207,4.262416502576025
2208,5.987867334884728
2209,6.040372926309937
2210,6.548962775241238
2211,4.975686883907976
2212,5.173425023999778
2213,5.668350050324598
2214,5.501297973329577
2215,5.103007376023458
2216,5.725354519537275
2217,5.889192566604582
2218,4.855852086559551
2219,5.935796549127521
2220,5.676817731945894
2221,4.079087200477994
2222,6.0151117852607205
2223,5.706489381688458
2224,5.151528325526095
2225,5.302475503079577
2226,6.144551741817461
2227,5.17900782237534
2228,6.394860926887286
2229,5.100368461465787
2230,5.0776339423577035
2231,5.259764135277853
2232,4.518616962521131
2233,5.963243755455661
2234,5.179818268711635
2235,4.791418613993055
2236,6.95238135492536
2237,6.53998475456653
2238,5.301548357513531
2239,5.718301190641334
2240,4.481781172347809
2241,6.150669292215335
2242,6.221401805452539
2243,5.1917956096910824
2244,6.123191367876013
2245,5.741839511848622
2246,6.221736333240744
2247,6.012749199749754
2248,5.206491542107063
2249,4.907712714048232
2250,5.596832840669073
2251,5.006635209662343
2252,5.130920861176902
2253,5.984902184858951
2254,5.5423555299537
2255,6.665722433099926
2256,5.748795877138813
2257,5.614467370789408
2258,5.92542104768174
2259,7.23841942180209
2260,5.7438127258654035
2261,5.233439711009227
2262,5.64753338382566
2263,5.743777837522569
2264,5.293537796166554
2265,5.4957263549356625
2266,6.515624693893684
2267,7.5025915633447
2268,5.633988889961007
2269,5.855679683119765
2270,5.3494789793524635
2271,5.350768900034527
2272,5.196860434679442
2273,5.974092080057829
2274,5.8476956173607455
2275,5.621106996882581
2276,5.9740008144192
2277,5.0378289024640885
2278,6.00351752754722
2279,4.976078371407036
2280,5.361102820059538
2281,5.3752644139322365
2282,5.0215216660670645
2283,5.908803594823667
2284,6.413472966444853
2285,5.995324781267057
2286,4.776305791287463
2287,5.134589385907571
2288,5.250957347974368
2289,6.680698586307078
2290,5.2331598728700195
2291,7.910827682369793
2292,4.895731103421884
2293,5.877505854115645
2294,5.2133005442814015
2295,4.947092093550438
2296,5.234693692758604
2297,4.966399350893148
2298,4.862964872588242
2299,4.413172160194672
2300,5.656885087607539
2301,7.123306700593309
2302,5.391110389035975
2303,4.502890127208452
2304,5.669520051857331
2305,4.901778829265709
2306,6.771445864381824
2307,6.853587930814668
2308,5.74303001007411
2309,5.11820623238592
2310,4.553255971961778
2311,4.881432009283916
2312,5.179015642338272
2313,5.173817343136146
2314,4.243139621850196
2315,5.919760742616265
2316,5.248025150890522
2317,5.73219857038644
2318,5.866053845836049
2319,5.602558035159331
2320,6.685170525777481
2321,6.793835233437364
2322,5.818897203273319
2323,5.487903385524579
2324,6.151281229970838
2325,5.176617003121988
2326,4.432075843919966
2327,6.887136643913643
2328,6.526672549226414
2329,5.648380313547672
2330,6.937522444089736
2331,5.140763295178292
2332,5.772687352344537
2333,4.5943075507895035
2334,4.842801477961458
2335,4.977762809415054
2336,5.294481075166706
2337,4.308660754945141
2338,5.032239517875228
2339,5.9512234850271835
2340,5.995874856496577
2341,5.698219927050553
2342,4.515027465695239
2343,5.639034732655663
2344,5.526641229882192
2345,6.040379366080828
2346,5.5148811583462205
2347,5.327608991770086
2348,6.004346111606597
2349,4.898801895921907
2350,5.414209890133038
2351,6.105513650995986
2352,5.991754601292483
2353,4.922607852500041
2354,4.705145969102261
2355,4.609010798880929
2356,5.943293484287768
2357,4.47755768300663
2358,5.024969864109654
2359,5.61504894355314
2360,4.869731073004019
2361,6.201689994838751
2362,5.28002762783011
2363,5.673428513619949
2364,5.631540540163976
2365,5.009977740807717
2366,4.611518244960981
2367,5.656963905590747
2368,6.671097054372152
2369,5.28236888085504
2370,6.522889153241961
2371,5.769858662686747
2372,4.35653406760374
2373,5.487794673603078
2374,5.195260744784319
2375,4.7849705488699845
2376,6.458194540447253
2377,5.9024410596945565
2378,4.609130294802372
2379,5.143423437302196
2380,5.619011912031401
2381,5.37974914627776
2382,5.974669991606811
2383,5.579937212006941
2384,5.4566830413317
2385,5.253094642368936
2386,6.617863167244165
2387,6.095253233945863
2388,4.192071268117906
2389,5.5147828053367185
2390,5.5025237927731965
2391,4.944884385210319
2392,6.144287905625716
2393,5.9324472318199355
2394,5.566593382707923
2395,5.106439549456992
2396,6.867481416091957
2397,6.7279327802029405
2398,4.2993583006964
2399,5.076973788920627
2400,5.266290793068001
2401,6.25770605410352
2402,5.096181215252734
2403,5.877815887121238
2404,6.603726085826637
2405,5.149712965580037
2406,5.628105681499327
2407,5.6503067031812835
2408,7.798727216185263
2409,6.4889280620031755
2410,4.076473933852296
2411,5.879052064733558
2412,5.169587709697125
2413,4.86186206560134
2414,4.8770412681027935
2415,6.0008591485682095
2416,6.438682803412384
2417,6.87352464965654
2418,4.770427828997532
2419,6.371970427286984
2420,5.7140333028185015
2421,5.0851491586288535
2422,4.770965156475823
2423,5.304631317358411
2424,5.53827374493763
2425,5.778581447216772
2426,6.616756703824907
2427,6.438602066502436
2428,5.067640261626083
2429,4.9914266166121415
2430,4.366103360787004
2431,4.8863208070396364
2432,6.850407714021513
2433,5.913769261941258
2434,6.216900295038151
2435,4.333937904290113
2436,5.780691169335846
2437,5.626512065545648
2438,5.798350159868539
2439,5.645226355677238
2440,5.092774342105867
2441,6.008694619420334
2442,6.2114627987722235
2443,6.191702126733908
2444,4.534893352553004
2445,5.904561417229306
2446,5.186007155981994
2447,4.5795851239198395
2448,6.478447152118933
2449,5.23795321718117
2450,5.990009579879591
2451,5.773419865275585
2452,6.28534930590537
2453,4.945856640163987
2454,6.0462728632746225
2455,6.633882860116424
2456,4.933578378579599
2457,5.257159280676673
2458,7.243799967235108
2459,4.96416465905621
2460,5.320351928520253
2461,4.945900346584444
2462,5.636987626075131
2463,5.450164130172578
2464,5.434304225969306
2465,6.000154076240435
2466,5.848020241759817
2467,5.11266087854985
2468,5.003396910836468
2469,5.394528725878395
2470,5.837416228899754
2471,4.6680878027126855
2472,4.350895390265889
2473,6.88108944165211
2474,5.255186256446008
2475,5.971534235547624
2476,5.978557415263596
2477,5.139395912281822
2478,4.502391867878667
2479,5.141529974749022
2480,6.047278825654391
2481,6.037624603634184
2482,5.494334840284805
2483,5.560143912806129
2484,4.7699868480681875
2485,4.574730411990824
2486,6.76904171345195
2487,4.350761281251954
2488,6.100184157654229
2489,4.951678397711068
2490,5.3135174177429265
2491,7.0757111594257935
2492,4.586398850293291
2493,5.639495407532821
2494,5.609961515343132
2495,5.896355825874946
2496,5.6974931905609925
2497,5.957825251531963
2498,5.6661193328381
2499,6.135075837894151
2500,6.416341965481478
2501,5.946401493928267
2502,6.054040508125199
2503,5.617142870268232
2504,4.288837119384392
2505,5.347054676638025
2506,4.640291071478364
2507,5.502864209695283
2508,4.508480117896616
2509,6.622000288772307
2510,4.797414432301048
2511,6.2110346374710375
2512,4.931769469328975
2513,5.626878162001276
2514,6.345756388647109
2515,6.020564352450012
2516,5.415156777294346
2517,5.113477889541091
2518,6.516543851201949
2519,5.787435106082327
2520,5.407516618231313
2521,4.725261376351243
2522,5.365927393406201
2523,5.436650226253726
2524,4.339949044598053
2525,5.203450661596718
2526,3.683975517303505
2527,5.187652328663319
2528,5.09566554983628
2529,5.666964223275507
2530,4.620544718639856
2531,5.541920155891472
2532,6.8062850616248385
2533,4.782003096971264
2534,4.013290653442504
2535,5.985971255372725
2536,5.749607724776868
2537,5.764486026235691
2538,4.580604143729211
2539,6.2729523601119554
2540,5.487290979855473
2541,4.939613228502774
2542,5.36308260628518
2543,5.897148473994577
2544,5.8354468012352365
2545,5.707856994343828
2546,6.903751910775706
2547,5.002054084322656
2548,4.033708458941337
2549,5.646397680719496
2550,5.25504798169505
2551,5.622638254244661
2552,5.078602254261759
2553,5.336789243993556
2554,5.521691804597689
2555,5.367193526542585
2556,5.473349644094498
2557,5.477809567186531
2558,4.810998329546616
2559,5.015976038818103
2560,6.096845599414335
2561,5.283589713888883
2562,5.337559730277828
2563,6.238497669214299
2564,4.651504831853466
2565,5.457232281947157
2566,5.945709580672505
2567,6.212561471761903
2568,4.7835895809963525
2569,6.018454615068699
2570,5.406164356594501
2571,4.559773263031489
2572,5.800814302565931
2573,5.4050440885147735
2574,4.883244691229542
2575,5.831352581727202
2576,4.71957500809828
2577,5.949744812853825
2578,5.335842081923212
2579,5.6687568334309475
2580,4.467085601081854
2581,5.564603817703998
2582,5.456804598113813
2583,4.9434924183190985
2584,6.168805768954853
2585,6.764547903631603
2586,6.170683925978372
2587,5.739959797919566
2588,5.2675723791360625
2589,6.422856832679578
2590,5.358421882044996
2591,5.2271188103108335
2592,5.318758256081385
2593,5.383944626116373
2594,6.000495737300759
2595,3.9728076902863956
2596,6.007049468366896
2597,5.089227573110092
2598,5.565437634512449
2599,4.690703700928994
2600,5.836962856636017
2601,5.21322757390848
2602,6.770027559451866
2603,4.907081679684905
2604,5.5101021644661685
2605,4.822894048584175
2606,5.822623967356547
2607,5.88393660227816
2608,5.490726541190327
2609,5.924416879335244
2610,5.30714673081961
2611,6.325214913042755
2612,4.213934082492328
2613,5.3899551338051035
2614,5.87113223546644
2615,6.485989985243374
2616,5.3761053207824805
2617,4.867740105466766
2618,5.617897004071473
2619,6.084799329938137
2620,4.817804300077519
2621,5.652426975854858
2622,6.624148195830293
2623,4.7840787135590706
2624,6.150024375502515
2625,6.789065365133481
2626,5.655062978394925
2627,5.54483129988497
2628,5.7666457000703115
2629,4.870660168665145
2630,5.644700816475987
2631,5.036962194125281
2632,6.023369383152263
2633,5.796221219860355
2634,4.544468062318073
2635,4.701979977963362
2636,6.135977327659306
2637,4.797061711902128
2638,5.2718794404844935
2639,5.085061008361892
2640,4.913393005047443
2641,5.388853503869511
2642,6.095543393976603
2643,5.105903388058673
2644,6.309408836227383
2645,5.545239187665673
2646,5.6026703037534915
2647,5.365796189837116
2648,4.671973671095822
2649,5.318908448314671
2650,6.848439140417856
2651,6.294586351978444
2652,5.883011439679548
2653,4.943666316010564
2654,4.992865464987368
2655,3.75083758819237
2656,5.589835472124339
2657,5.725404941929104
2658,5.873956490845134
2659,5.665879107405471
2660,5.9931315795992255
2661,5.23470773280436
2662,5.281668422311866
2663,4.634463767424541
2664,5.508940650031601
2665,6.110228576707309
2666,5.358092480122488
2667,6.579967534971769
2668,5.735369985781158
2669,5.487015035614367
2670,6.101818027545119
2671,6.72049645820279
2672,4.9409653945431655
2673,5.216059324945458
2674,6.065516980396589
2675,5.2761281706098
2676,4.423985587130727
2677,6.002687708946259
2678,5.107367085798385
2679,4.976169338146469
2680,5.287773367526776
2681,5.720418817332888
2682,3.9745765427370383
2683,4.880606361626436
2684,5.228441114925249
2685,5.659296449217807
2686,5.8792691833831805
2687,5.074399664651581
2688,5.058009917364426
2689,5.236183960548081
2690,5.294307074612291
2691,5.458288534888595
2692,5.010394843332827
2693,4.894273025181127
2694,5.891646690855467
2695,5.065197361661683
2696,4.488076403290988
2697,5.2058078557194705
2698,6.961494473704462
2699,6.116566226112835
2700,4.314819885626013
2701,4.123047074151667
2702,5.961075113968995
2703,4.22235312265585
2704,5.625056875608351
2705,5.690443576144634
2706,4.491789206327201
2707,5.80654080366332
2708,4.872583489067919
2709,5.336687736881696
2710,4.863750541204373
2711,5.727529184697696
2712,6.1367819636626795
2713,4.899351969061163
2714,4.919748062899148
2715,4.898781778777389
2716,5.122356692724209
2717,6.737867697713975
2718,5.782889163762018
2719,6.1432826065867285
2720,6.07208841789842
2721,5.273064478903441
2722,5.250581341457206
2723,6.005687619762389
2724,4.424893256006365
2725,5.4390243951488
2726,5.302607871601549
2727,6.556493980937305
2728,4.8459832031476555
2729,6.880669635859534
2730,6.289509227714683
2731,4.982397428355068
2732,5.111575278777828
2733,5.350165851134388
2734,4.445881363234291
2735,6.139729908938099
2736,4.8591266939100795
2737,6.27157767960724
2738,5.567510804603382
2739,5.279187076105532
2740,5.098809601664888
2741,5.414862731965741
2742,5.195012491731735
2743,5.023228649272892
2744,4.839132676410925
2745,5.639216322524635
2746,5.736687509712471
2747,6.045563572843788
2748,5.890169912458084
2749,5.620795834152836
2750,4.905725078831338
2751,5.695033152604253
2752,6.048278875547853
2753,5.289379175329293
2754,6.132092084753797
2755,6.154968684098606
2756,4.746239024017601
2757,5.550325896841302
2758,5.592241469320141
2759,5.641922166689124
2760,5.006720449771642
2761,6.447476984537143
2762,4.641706794919193
2763,5.3324861304393245
2764,4.418847574334441
2765,5.360076422310492
2766,5.304990338715969
2767,6.4769052468607775
2768,5.445023845485235
2769,5.436200770994392
2770,4.96531042583828
2771,5.239526989177045
2772,5.781345899356724
2773,5.031000545918526
2774,4.753632243595539
2775,5.7517325928974685
2776,6.474655785159255
2777,4.384090884593332
2778,6.2660397994911765
2779,5.4607543860280705
2780,6.842616433316111
2781,5.832573082658872
2782,5.3952884261739165
2783,6.042747985041224
2784,4.85506818676989
2785,5.571218029223288
2786,5.592413868815647
2787,5.657654989037894
2788,5.534525621138749
2789,4.302259382111703
2790,6.359430890668048
2791,5.576921128456712
2792,4.494354718283463
2793,5.3443357346000235
2794,4.510362373764007
2795,5.372200020291411
2796,6.884068410016239
2797,6.903811032940406
2798,6.00295260415327
2799,5.2393600400188305
2800,6.0734569031937475
2801,5.253717401446935
2802,5.597223616830265
2803,6.200315542897358
2804,5.2938232854086085
2805,3.911045354135882
2806,5.871069806127213
2807,5.377719790793729
2808,5.556372647118653
2809,5.952780123494111
2810,5.460227907765223
2811,7.136090546303071
2812,5.886885817529963
2813,6.589052079014344
2814,4.709684001244911
2815,5.805721037047184
2816,5.366394647768248
2817,5.9155423411775025
2818,4.904373587858655
2819,5.426392776480837
2820,4.998979319638181
2821,5.594469730813211
2822,4.637906088297434
2823,5.203525110129032
2824,6.026060601857777
2825,5.054688824593967
2826,5.175317738115201
2827,7.162670592990319
2828,5.411842191267216
2829,5.900463317489147
2830,4.515020334704102
2831,6.0440410896716
2832,6.13188200285876
2833,7.4430544062450235
2834,4.536361200924269
2835,5.510852190014366
2836,3.5859435270653375
2837,5.119718524214896
2838,5.025456266051062
2839,5.001067482759477
2840,4.842893009475484
2841,6.277198698484065
2842,6.8673789923170485
2843,5.173932159254564
2844,5.786368728125959
2845,6.768102490317673
2846,6.238318504225999
2847,4.951997914927938
2848,5.310625012563055
2849,5.958601632159374
2850,6.586726121132851
2851,6.380056865081824
2852,4.168164610094163
2853,4.927604196535454
2854,5.081568925229771
2855,5.278678474645659
2856,5.754747473116953
2857,4.756526892843834
2858,6.051536081505823
2859,6.03996175487777
2860,5.087986974025596
2861,4.840786323565527
2862,5.288506359720037
2863,5.164189123396941
2864,6.149941391782496
2865,5.501258296154358
2866,5.306597688173478
2867,4.354090539106658
2868,6.081154851338975
2869,5.558849558010119
2870,4.963716640705024
2871,5.609217794518335
2872,5.47510250528633
2873,4.883897306240581
2874,5.079259242226632
2875,4.972758555570616
2876,6.473616822454042
2877,6.494978794855523
2878,6.565335244246057
2879,5.919381302327271
2880,5.4678673029250096
2881,5.921141909814823
2882,5.523652691192501
2883,5.2246135697706455
2884,5.448247161904032
2885,6.491305115244744
2886,5.471751765373546
2887,6.048260807262452
2888,4.726175003557844
2889,6.2996651076208
2890,5.440383382876967
2891,6.172766181592549
2892,5.864071702908822
2893,4.434092703788485
2894,5.713745816019349
2895,4.76420673946382
2896,6.722025776270875
2897,4.60337816115242
2898,6.268086417447932
2899,6.108411358406145
2900,5.751390629243928
2901,5.004521782542766
2902,5.660537672000596
2903,4.23827131963125
2904,5.040282233347696
2905,5.298812949799826
2906,5.07056194230825
2907,5.099085141100612
2908,4.936506426622463
2909,4.979676529522008
2910,5.15528540332251
2911,5.002219460462987
2912,5.717291324066481
2913,5.681443701684228
2914,4.983518464861297
2915,4.604903121782707
2916,4.867635083884851
2917,5.508882199709085
2918,5.80890228470906
2919,6.646437105327925
2920,6.043772946431856
2921,5.1040546949873615
2922,5.815674147422613
2923,6.127885271488309
2924,5.794611649024519
2925,5.439542370666279
2926,5.567389657031674
2927,6.840674157367815
2928,7.171082663886713
2929,5.364917912466112
2930,4.547958858113148
2931,5.789958739853062
2932,6.17570366876104
2933,6.095451704466505
2934,5.334050739932737
2935,6.749215698236167
2936,6.085004552054215
2937,5.071187811902358
2938,5.699990507096575
2939,5.921321679380771
2940,5.272571837359076
2941,5.261819510104065
2942,4.463350323717683
2943,5.665594223883616
2944,5.992500214732296
2945,6.320142900038442
2946,5.570839697785965
2947,5.755021256881843
2948,4.413346485391863
2949,5.011789727511539
2950,4.863623519058154
2951,6.086647570799734
2952,4.8273716201180905
2953,6.212607682425862
2954,5.2072691492659375
2955,4.865379024888171
2956,5.990703176336178
2957,5.320315734191505
2958,5.663593484282125
2959,5.5968647679995
2960,5.662969274607085
2961,5.1892310313674095
2962,5.14798471896454
2963,5.201595006966292
2964,4.457771817116988
2965,4.627296029947614
2966,4.271825546334266
2967,5.700136032007756
2968,5.4838304567798595
2969,6.060913108239688
2970,4.72612569956139
2971,5.658846465910643
2972,5.344650367161149
2973,5.438060638322878
2974,5.398630918543216
2975,5.49650492673794
2976,4.754368727534644
2977,4.861676260189964
2978,5.399482636343654
2979,4.594290969323136
2980,6.267033297183058
2981,5.140378366748884
2982,4.810871583133574
2983,6.227075357193911
2984,5.499164635652911
2985,5.071719408453588
2986,4.076781268617664
2987,5.394735556530539
2988,5.3993019516043175
2989,5.842817820869819
2990,5.118532362546041
2991,7.759319003272445
2992,6.092476539216295
2993,6.110588633017162
2994,5.423083653589578
2995,4.757389199959844
2996,5.523401423416161
2997,5.027611563637288
2998,6.215080483243035
2999,6.647118399951232
3000,6.658398015246398
