Country_ISO,Country,Year,CO2_Capita,GDP_PPP,Income_Group
AFG,Afghanistan,2023,0.280995468771367,2201.72290691677,Lower Income
ALB,Albania,2024,1.7852214941728,26693.1934374653,Higher Income
DZA,Algeria,2024,3.98080005796518,17620.7423956126,Lower Income
AGO,Angola,2024,0.741712294740973,10118.6089945408,Lower Income
ATG,Antigua and Barbuda,2024,3.79857526767052,33386.1917127894,Higher Income
ARG,Argentina,2024,4.01066531653131,30431.1931223693,Higher Income
ARM,Armenia,2024,2.47028185264546,22823.1795255693,Higher Income
ABW,Aruba,2024,5.14838649937497,50649.3015232212,Higher Income
AUS,Australia,2024,14.0973544987552,71410.4198745406,Higher Income
AUT,Austria,2024,6.32278424603578,71621.8033644832,Higher Income
AZE,Azerbaijan,2024,3.81144251153847,25088.9993757134,Higher Income
BHS,"Bahamas, The",2024,3.63633645083395,41197.9342548477,Higher Income
BHR,Bahrain,2024,23.8999918170545,66941.2430367989,Higher Income
BGD,Bangladesh,2024,0.715539343541092,9646.76984383255,Lower Income
BRB,Barbados,2024,2.52348061897496,24822.5343309908,Higher Income
BLR,Belarus,2024,5.93649429972465,33010.3307605357,Higher Income
BEL,Belgium,2024,7.30661519351762,72236.9050549712,Higher Income
BLZ,Belize,2024,0.932452909809338,14346.5188049737,Lower Income
BEN,Benin,2024,0.487328666439324,4434.5642184028,Lower Income
BMU,Bermuda,2024,4.1354663036079,124252.835702586,Higher Income
BTN,Bhutan,2023,1.98465128404026,16215.1520073153,Lower Income
BOL,Bolivia,2024,2.29073378062186,12877.6351184372,Lower Income
BIH,Bosnia and Herzegovina,2024,6.44935787372249,22955.7616198884,Higher Income
BWA,Botswana,2024,2.73749285541178,20538.1320178889,Higher Income
BRA,Brazil,2024,2.31826466114939,22338.4765640635,Higher Income
BRN,Brunei Darussalam,2024,20.2426516194424,89879.3614980758,Higher Income
BGR,Bulgaria,2024,5.30760215797104,41519.5397897491,Higher Income
BFA,Burkina Faso,2024,0.274990879570369,2895.89152033665,Lower Income
BDI,Burundi,2024,0.0689574855425617,1194.94681370387,Lower Income
CPV,Cabo Verde,2024,1.28830183071462,11195.1205312923,Lower Income
KHM,Cambodia,2024,1.10207037315065,7966.87352428705,Lower Income
CMR,Cameroon,2024,0.353419532873246,5588.98645861945,Lower Income
CAN,Canada,2024,13.9983582392805,65463.0990993361,Higher Income
CYM,Cayman Islands,2023,4.92072619732194,88427.7866712691,Higher Income
CAF,Central African Republic,2024,0.0632938700243308,1263.10234213699,Lower Income
TCD,Chad,2024,0.142508619707364,2742.65952183613,Lower Income
CHL,Chile,2024,3.93744000373189,34637.1168279143,Higher Income
CHN,China,2024,9.31508933799393,27104.8702677463,Higher Income
COL,Colombia,2024,1.79780371737796,21508.7802475454,Higher Income
COM,Comoros,2024,0.514984514693732,3958.53228789687,Lower Income
COD,"Congo, Dem. Rep.",2024,0.0568247825820182,1821.04868718058,Lower Income
COG,"Congo, Rep.",2024,1.33536271579755,7026.36223281494,Lower Income
CRI,Costa Rica,2024,1.63283566378358,30062.8491604466,Higher Income
CIV,Cote d'Ivoire,2024,0.589054440955677,7669.23195715687,Lower Income
HRV,Croatia,2024,4.83151414825927,48816.9480032684,Higher Income
CYP,Cyprus,2024,5.40469504859816,61271.8203125,Higher Income
CZE,Czechia,2024,7.12966532502255,56686.5453488007,Higher Income
DNK,Denmark,2024,4.2782054919933,79514.2854383058,Higher Income
DJI,Djibouti,2024,0.765537056716653,7810.27869066792,Lower Income
DMA,Dominica,2024,1.27331772524734,21300.6848698089,Higher Income
DOM,Dominican Republic,2024,2.99473457012728,27541.6625283384,Higher Income
ECU,Ecuador,2024,2.64474970000791,15840.2668567412,Lower Income
EGY,"Egypt, Arab Rep.",2024,2.50251380967098,19094.1449444111,Lower Income
SLV,El Salvador,2024,1.50569728627702,13264.027090968,Lower Income
GNQ,Equatorial Guinea,2024,2.55052004844345,17566.7600284073,Lower Income
EST,Estonia,2024,7.75936884491537,49321.0450049538,Higher Income
SWZ,Eswatini,2024,0.880335237065324,11799.2028793201,Lower Income
ETH,Ethiopia,2024,0.146636636122491,3287.53492158893,Lower Income
FRO,Faroe Islands,2024,0.0384045646568278,81908.7781785018,Higher Income
FJI,Fiji,2024,1.62222863442953,15450.2993265388,Lower Income
FIN,Finland,2024,5.53521221243539,64288.5540142016,Higher Income
FRA,France,2024,4.00355772602595,61290.4238254531,Higher Income
GAB,Gabon,2024,2.0474983378969,21510.1725307344,Higher Income
GMB,"Gambia, The",2024,0.178370340740612,3475.61245701341,Lower Income
GEO,Georgia,2024,3.6402736868225,28285.0732802982,Higher Income
DEU,Germany,2024,6.94395663386317,72295.2353730129,Higher Income
GHA,Ghana,2024,0.702085843566409,8019.99702389611,Lower Income
GRC,Greece,2024,5.04642227577271,44005.1289320493,Higher Income
GRL,Greenland,2023,10.2857645300273,78840.5978395988,Higher Income
GRD,Grenada,2024,1.50076360626925,20177.8094927386,Higher Income
GTM,Guatemala,2024,1.1066501528086,14368.6605681815,Lower Income
GIN,Guinea,2024,0.352794025802477,4565.3007888456,Lower Income
GNB,Guinea-Bissau,2024,0.155449923501557,3119.37157047437,Lower Income
GUY,Guyana,2024,4.55860818422139,80155.03939277,Higher Income
HTI,Haiti,2024,0.298473814991934,3193.67136419915,Lower Income
HND,Honduras,2024,1.13551979026212,7486.01869616445,Lower Income
HKG,"Hong Kong SAR, China",2024,4.60070971943488,75195.9865970615,Higher Income
HUN,Hungary,2024,4.45791782423566,47637.1359877091,Higher Income
ISL,Iceland,2024,8.5199194837855,81924.411472168,Higher Income
IND,India,2024,2.17365173535787,11159.9856476091,Lower Income
IDN,Indonesia,2024,2.86503978188758,16448.2755179559,Lower Income
IRN,"Iran, Islamic Rep.",2024,9.05329342087712,19873.8860853805,Lower Income
IRQ,Iraq,2024,5.18375227496016,14464.3186928173,Lower Income
IRL,Ireland,2024,6.03605774131313,130797.489686919,Higher Income
ISR,Israel,2024,5.78134023099134,55690.7391030986,Higher Income
ITA,Italy,2024,5.07573834102673,60881.3726392071,Higher Income
JAM,Jamaica,2024,2.84378384565939,12890.2660051472,Lower Income
JPN,Japan,2024,7.84242057238933,51685.038752551,Higher Income
JOR,Jordan,2024,2.0898692239058,10821.4909765317,Lower Income
KAZ,Kazakhstan,2024,12.5678187536661,40890.9317694408,Higher Income
KEN,Kenya,2024,0.38344092060836,6644.13093243895,Lower Income
KIR,Kiribati,2024,0.592485763986976,3702.32594703115,Lower Income
KOR,"Korea, Rep.",2024,11.3622569893006,58894.9975738434,Higher Income
KWT,Kuwait,2024,23.6726718577295,52443.5969223626,Higher Income
KGZ,Kyrgyz Republic,2024,1.48784220370685,8012.45464442194,Lower Income
LAO,Lao PDR,2024,3.35435098295083,9775.82817381023,Lower Income
LVA,Latvia,2024,3.647774745944,43780.3830227833,Higher Income
LBN,Lebanon,2023,1.87387427333851,12574.8329116403,Lower Income
LSO,Lesotho,2024,0.428078272524913,3001.16311951334,Lower Income
LBR,Liberia,2024,0.154485706553412,1871.04406164262,Lower Income
LBY,Libya,2024,8.66457129316627,14303.8087736988,Lower Income
LTU,Lithuania,2024,4.49056496639174,54409.7628404261,Higher Income
LUX,Luxembourg,2024,10.5572722492364,150929.364202573,Higher Income
MAC,"Macao SAR, China",2024,2.52532751091703,126959.917138906,Higher Income
MDG,Madagascar,2024,0.146494805123461,1883.5374311384,Lower Income
MWI,Malawi,2024,0.221419380007265,1857.61756950305,Lower Income
MYS,Malaysia,2024,8.32321620146515,38779.2830442253,Higher Income
MDV,Maldives,2024,3.56650922036609,26182.7831570917,Higher Income
MLI,Mali,2024,0.302799241541437,3314.77332231959,Lower Income
MLT,Malta,2024,3.17888641409729,69832.1871006218,Higher Income
MHL,Marshall Islands,2024,0.00266325769681474,8194.63854758403,Lower Income
MRT,Mauritania,2024,0.969475151347498,7368.75275290214,Lower Income
MUS,Mauritius,2024,3.53634151803811,31839.7597535524,Higher Income
MEX,Mexico,2024,3.63738680384754,25738.603144294,Higher Income
FSM,"Micronesia, Fed. Sts.",2024,0.00176740897843761,4346.84249671875,Lower Income
MDA,Moldova,2024,3.41675873098598,18614.9880691203,Lower Income
MNG,Mongolia,2024,7.84665630954259,19144.7261368498,Lower Income
MAR,Morocco,2024,1.83925269318779,10415.1240234375,Lower Income
MOZ,Mozambique,2024,0.292006477521244,1705.37919520416,Lower Income
MMR,Myanmar,2024,0.575463259318228,5997.46516323715,Lower Income
NAM,Namibia,2024,1.20450237960009,11686.6020661881,Lower Income
NRU,Nauru,2024,0.0,14173.0081043154,Lower Income
NPL,Nepal,2024,0.535964084109792,5736.62134332704,Lower Income
NLD,Netherlands,2024,6.60188395966651,84221.9783775078,Higher Income
NZL,New Zealand,2024,6.01694562647754,55624.9347220549,Higher Income
NIC,Nicaragua,2024,0.829841501184187,8708.79983051626,Lower Income
NER,Niger,2024,0.118901709547783,2049.93305251019,Lower Income
NGA,Nigeria,2024,0.566917637661195,9086.87550609627,Lower Income
MKD,North Macedonia,2024,3.99992545326879,26536.0485130243,Higher Income
NOR,Norway,2024,7.17830173255862,101031.460599068,Higher Income
OMN,Oman,2024,18.6519911434889,41740.1658530012,Higher Income
PAK,Pakistan,2024,0.811831809174961,6252.11543199559,Lower Income
PLW,Palau,2023,78.8571106222147,18230.2698627414,Lower Income
PAN,Panama,2024,2.73829900364892,41369.422541499,Higher Income
PNG,Papua New Guinea,2024,0.516966762734976,4874.6899553589,Lower Income
PRY,Paraguay,2024,1.1581935050359,18523.6810153,Lower Income
PER,Peru,2024,2.02424185179617,17802.4182498972,Lower Income
PHL,Philippines,2024,1.5030109111702,11794.1375488492,Lower Income
POL,Poland,2024,7.55108565871718,50540.9320799713,Higher Income
PRT,Portugal,2024,3.32476489948602,50649.5102380857,Higher Income
PRI,Puerto Rico (US),2024,4.81694630060609,50247.8492461676,Higher Income
QAT,Qatar,2024,47.3321641445828,126046.354855612,Higher Income
ROU,Romania,2024,3.72055055783694,48731.3249098489,Higher Income
RUS,Russian Federation,2024,13.9977718566194,47404.96484375,Higher Income
RWA,Rwanda,2024,0.162128792997641,3710.86040434596,Lower Income
WSM,Samoa,2024,1.60444731881166,8736.81606772538,Lower Income
STP,Sao Tome and Principe,2024,0.627080361388493,6241.85614464638,Lower Income
SAU,Saudi Arabia,2024,18.4845842582552,71375.3727890285,Higher Income
SEN,Senegal,2024,0.767609570951958,5070.6486207418,Lower Income
SYC,Seychelles,2024,7.23667946668425,33238.5800343754,Higher Income
SLE,Sierra Leone,2024,0.16915022896262,3522.30588009119,Lower Income
SGP,Singapore,2024,9.75144363129176,150689.301625826,Higher Income
SVK,Slovak Republic,2024,5.51311685631444,47180.8487662884,Higher Income
SVN,Slovenia,2024,6.26652251574692,56502.0375242201,Higher Income
SLB,Solomon Islands,2024,0.383912070097827,2674.89311339831,Lower Income
SOM,"Somalia, Fed. Rep.",2024,0.0455149206821494,1601.96466602339,Lower Income
ZAF,South Africa,2024,6.87684962627712,15456.1989933658,Lower Income
ESP,Spain,2024,4.50540688376633,56877.6411034322,Higher Income
LKA,Sri Lanka,2024,1.06473352801606,15632.5924849848,Lower Income
KNA,St. Kitts and Nevis,2024,2.88410221377794,34846.6035342828,Higher Income
LCA,St. Lucia,2024,1.71076642335766,27567.3280779839,Higher Income
VCT,St. Vincent and the Grenadines,2024,1.31191858153773,21272.0800673662,Higher Income
SDN,Sudan,2024,0.433463815698253,2115.81616210938,Lower Income
SUR,Suriname,2024,4.06111933370217,21800.5265989822,Higher Income
SWE,Sweden,2024,3.57381645984766,71030.4601718093,Higher Income
CHE,Switzerland,2024,3.74568795220564,94115.8242622014,Higher Income
SYR,Syrian Arab Republic,2022,1.38747039300249,4772.4616766716,Lower Income
TJK,Tajikistan,2024,0.922478268427306,5405.98011619139,Lower Income
TZA,Tanzania,2024,0.311205530057348,4220.79638671875,Lower Income
THA,Thailand,2024,3.96005269352319,24712.0658575135,Higher Income
TLS,Timor-Leste,2024,0.499343870436187,4422.77882172399,Lower Income
TGO,Togo,2024,0.276146592685668,3365.45809007306,Lower Income
TON,Tonga,2023,1.54688949013834,7802.66986206107,Lower Income
TTO,Trinidad and Tobago,2024,19.5810522730943,36328.5130065685,Higher Income
TUN,Tunisia,2024,2.62113010481539,14521.0080937638,Lower Income
TUR,Turkiye,2024,5.37926453268486,45122.9317187258,Higher Income
TKM,Turkmenistan,2024,10.8623686336296,21213.0862501953,Higher Income
TCA,Turks and Caicos Islands,2024,4.92317610400774,37954.3876543471,Higher Income
TUV,Tuvalu,2023,0.0,6151.01047041608,Lower Income
UGA,Uganda,2024,0.165048181856788,3273.2671741364,Lower Income
UKR,Ukraine,2024,3.12934781865114,18550.462890625,Lower Income
ARE,United Arab Emirates,2024,18.2552064370494,79228.738801276,Higher Income
GBR,United Kingdom,2024,4.22412677317771,60620.3807747583,Higher Income
USA,United States,2024,13.6195685039144,85809.9003846359,Higher Income
URY,Uruguay,2024,2.56756948291319,36417.874162496,Higher Income
UZB,Uzbekistan,2024,4.08501666540206,11878.5528706848,Lower Income
VUT,Vanuatu,2024,0.869798674098549,3605.60736691735,Lower Income
VNM,Viet Nam,2024,4.26605675468195,16385.5065565458,Lower Income
VIR,Virgin Islands (U.S.),2022,0.00189729919459649,49793.0324395716,Higher Income
ZMB,Zambia,2024,0.542961477377669,4214.89277804799,Lower Income
ZWE,Zimbabwe,2024,0.772821434267465,5928.0806252756,Lower Income
